Naziv proizvoda,BREND,SPOL,OBLIK OKVIRA,U KOJIM BOJAMA JE DOSTUPAN,U KOJIM VELIČINAMA,MATERIJAL OKVIRA,CIJENA S UKLJUČENIM PDV-om,ŠIRINA LEĆE,VISINA LEĆE,ŠIRINA MOSTA,RUČKICE,ŠIRINA FRONTE,ŠIFRA,Kategorija,AtributSet,Slika,Naziv final,slug
DIOPTRIJSKI OKVIR,SOLANO,Muške,Četvrtasti,GRAFITNO SIVA,M,Metal,75,55,36,18,145,145,S10585,Uncategorized,SvePotrebno,S10585,DIOPTRIJSKI OKVIR GRAFITNO SIVA M,dioptrijski-okvir-grafitno-siva-m
DIOPTRIJSKI OKVIR,SOLANO,Muške,Četvrtasti,GRAFITNO SIVA,M,Metal,75,55,36,18,145,145,S10585-1,Uncategorized,SvePotrebno,S10585,DIOPTRIJSKI OKVIR GRAFITNO SIVA M,dioptrijski-okvir-grafitno-siva-m-1
DIOPTRIJSKI OKVIR,SOLANO,Dječje,Četvrtasti,GRAFITNO SIVA,S,Metal,64,50,34,17,130,125,S50238,Uncategorized,SvePotrebno,S50238,DIOPTRIJSKI OKVIR GRAFITNO SIVA S,dioptrijski-okvir-grafitno-siva-s
DIOPTRIJSKI OKVIR,SOLANO,Dječje,Četvrtasti,GRAFITNO SIVA,S,Metal,64,50,34,17,130,125,S50238-1,Uncategorized,SvePotrebno,S50238,DIOPTRIJSKI OKVIR GRAFITNO SIVA S,dioptrijski-okvir-grafitno-siva-s-1
DIOPTRIJSKI OKVIR,SOLANO,Dječje,Četvrtasti,CRNA,S,Metal,64,51,34,16,13,125,S50239,Uncategorized,SvePotrebno,S50239,DIOPTRIJSKI OKVIR CRNA S,dioptrijski-okvir-crna-s
DIOPTRIJSKI OKVIR,SOLANO,Dječje,Četvrtasti,CRNA,S,Metal,64,51,34,16,13,125,S50239-1,Uncategorized,SvePotrebno,S50239,DIOPTRIJSKI OKVIR CRNA S,dioptrijski-okvir-crna-s-1
DIOPTRIJSKI OKVIR,JENS HAGEN,Muške,Četvrtasti,"SIVO/PLAVA,CRNA",S,Plastika,60,52,38,16,140,134,JH20086,Uncategorized,SvePotrebno,JH20086,"DIOPTRIJSKI OKVIR SIVO/PLAVA,CRNA S",dioptrijski-okvir-sivo-plavacrna-s
DIOPTRIJSKI OKVIR,JENS HAGEN,Muške,Četvrtasti,SIVO/PLAVA,S,Plastika,60,52,38,16,140,134,JH20086-1,Uncategorized,SvePotrebno,JH20086,DIOPTRIJSKI OKVIR SIVO/PLAVA S,dioptrijski-okvir-sivo-plava-s
DIOPTRIJSKI OKVIR,JENS HAGEN,Muške,Četvrtasti,CRNA,S,Plastika,60,52,38,16,140,134,JH20086-2,Uncategorized,SvePotrebno,JH20086,DIOPTRIJSKI OKVIR CRNA S,dioptrijski-okvir-crna-s-2
DIOPTRIJSKI OKVIR,JENS HAGEN,Muške,Četvrtasti,CRNA MAT,M,Plastika,50,53,42,17,140,140,JH20088,Uncategorized,SvePotrebno,JH20088,DIOPTRIJSKI OKVIR CRNA MAT M,dioptrijski-okvir-crna-mat-m
DIOPTRIJSKI OKVIR,JENS HAGEN,Muške,Četvrtasti,CRNA MAT,M,Plastika,50,53,42,17,140,140,JH20088-1,Uncategorized,SvePotrebno,JH20088,DIOPTRIJSKI OKVIR CRNA MAT M,dioptrijski-okvir-crna-mat-m-1
DIOPTRIJSKI OKVIR,SOLANO,Muške,Četvrtasti,CRNA MAT,M,Plastika,80,56,42,16,140,140,S20581,Uncategorized,SvePotrebno,S20581,DIOPTRIJSKI OKVIR CRNA MAT M,dioptrijski-okvir-crna-mat-m-2
DIOPTRIJSKI OKVIR,SOLANO,Muške,Četvrtasti,CRNA MAT,M,Plastika,80,56,42,16,140,140,S20581-1,Uncategorized,SvePotrebno,S20581,DIOPTRIJSKI OKVIR CRNA MAT M,dioptrijski-okvir-crna-mat-m-3
DIOPTRIJSKI OKVIR,JENS HAGEN,Muške,Četvrtasti,SIVA,M,Metal,60,55,40,16,142,140,JH10415,Uncategorized,SvePotrebno,JH10415,DIOPTRIJSKI OKVIR SIVA M,dioptrijski-okvir-siva-m
DIOPTRIJSKI OKVIR,JENS HAGEN,Muške,Četvrtasti,SIVA,M,Metal,60,55,40,16,142,140,JH10415-1,Uncategorized,SvePotrebno,JH10415,DIOPTRIJSKI OKVIR SIVA M,dioptrijski-okvir-siva-m-1
DIOPTRIJSKI OKVIR,JENS HAGEN,Muške,Četvrtasti,CRNO/SIVA,M,Metal,60,55,40,18,145,140,JH10457,Uncategorized,SvePotrebno,JH10457,DIOPTRIJSKI OKVIR CRNO/SIVA M,dioptrijski-okvir-crno-siva-m
DIOPTRIJSKI OKVIR,JENS HAGEN,Muške,Četvrtasti,CRNO/SIVA,M,Metal,60,55,40,18,145,140,JH10457-1,Uncategorized,SvePotrebno,JH10457,DIOPTRIJSKI OKVIR CRNO/SIVA M,dioptrijski-okvir-crno-siva-m-1
DIOPTRIJSKI OKVIR,SOLANO,Muške,Četvrtasti,PLAVO/SIVA,L,Metal,75,60,42,17,150,150,S10634,Uncategorized,SvePotrebno,S10634,DIOPTRIJSKI OKVIR PLAVO/SIVA L,dioptrijski-okvir-plavo-siva-l
DIOPTRIJSKI OKVIR,SOLANO,Muške,Četvrtasti,PLAVO/SIVA,L,Metal,75,60,42,17,150,150,S10634-1,Uncategorized,SvePotrebno,S10634,DIOPTRIJSKI OKVIR PLAVO/SIVA L,dioptrijski-okvir-plavo-siva-l-1
DIOPTRIJSKI OKVIR,JENS HAGEN,Muške,Četvrtasti,"CRNO/SIVA,PLAVO/SIVA",M,Metal,60,56,37,17,145,140,JH10379,Uncategorized,SvePotrebno,JH10379,"DIOPTRIJSKI OKVIR CRNO/SIVA,PLAVO/SIVA M",dioptrijski-okvir-crno-sivaplavo-siva-m
DIOPTRIJSKI OKVIR,JENS HAGEN,Muške,Četvrtasti,CRNO/SIVA,M,Metal,60,56,37,17,145,140,JH10379-1,Uncategorized,SvePotrebno,JH10379,DIOPTRIJSKI OKVIR CRNO/SIVA M,dioptrijski-okvir-crno-siva-m-2
DIOPTRIJSKI OKVIR,JENS HAGEN,Muške,Četvrtasti,PLAVO/SIVA,M,Metal,60,56,37,17,145,140,JH10379-2,Uncategorized,SvePotrebno,JH10379,DIOPTRIJSKI OKVIR PLAVO/SIVA M,dioptrijski-okvir-plavo-siva-m
DIOPTRIJSKI OKVIR,SOLANO,Muške,Četvrtasti,SIVA,S,Metal,75,55,38,18,145,138,S10640,Uncategorized,SvePotrebno,S10640,DIOPTRIJSKI OKVIR SIVA S,dioptrijski-okvir-siva-s
DIOPTRIJSKI OKVIR,SOLANO,Muške,Četvrtasti,SIVA,S,Metal,75,55,38,18,145,138,S10640-1,Uncategorized,SvePotrebno,S10640,DIOPTRIJSKI OKVIR SIVA S,dioptrijski-okvir-siva-s-1
DIOPTRIJSKI OKVIR,SOLANO,Muške,Četvrtasti,CRNA,L,Metal,75,60,42,16,150,150,S60060,Uncategorized,SvePotrebno,S60060,DIOPTRIJSKI OKVIR CRNA L,dioptrijski-okvir-crna-l
DIOPTRIJSKI OKVIR,SOLANO,Muške,Četvrtasti,CRNA,L,Metal,75,60,42,16,150,150,S60060-1,Uncategorized,SvePotrebno,S60060,DIOPTRIJSKI OKVIR CRNA L,dioptrijski-okvir-crna-l-1
DIOPTRIJSKI OKVIR,JENS HAGEN,,Okrugao,CRNO/SIVA,S,Metal,60,47,43,19,130,120,JH10402,Uncategorized,SvePotrebno,JH10402,DIOPTRIJSKI OKVIR CRNO/SIVA S,dioptrijski-okvir-crno-siva-s
DIOPTRIJSKI OKVIR,JENS HAGEN,,Okrugao,CRNO/SIVA,S,Metal,60,47,43,19,130,120,JH10402-1,Uncategorized,SvePotrebno,JH10402,DIOPTRIJSKI OKVIR CRNO/SIVA S,dioptrijski-okvir-crno-siva-s-1
DIOPTRIJSKI OKVIR,JENS HAGEN,,Okrugao,PROZIRNA,S,Plastika,60,49,45,18,140,130,JH20074,Uncategorized,SvePotrebno,JH20074,DIOPTRIJSKI OKVIR PROZIRNA S,dioptrijski-okvir-prozirna-s
DIOPTRIJSKI OKVIR,JENS HAGEN,,Okrugao,PROZIRNA,S,Plastika,60,49,45,18,140,130,JH20074-1,Uncategorized,SvePotrebno,JH20074,DIOPTRIJSKI OKVIR PROZIRNA S,dioptrijski-okvir-prozirna-s-1
DIOPTRIJSKI OKVIR,SOLANO,Ženske,Nepravilan,CRNO/ZLATNO,S,Metal,63,49,43,16,130,125,S50255,Uncategorized,SvePotrebno,S50255,DIOPTRIJSKI OKVIR CRNO/ZLATNO S,dioptrijski-okvir-crno-zlatno-s
DIOPTRIJSKI OKVIR,SOLANO,Ženske,Nepravilan,CRNO/ZLATNO,S,Metal,63,49,43,16,130,125,S50255-1,Uncategorized,SvePotrebno,S50255,DIOPTRIJSKI OKVIR CRNO/ZLATNO S,dioptrijski-okvir-crno-zlatno-s-1
DIOPTRIJSKI OKVIR,SOLANO,Ženske,Nepravilan,"ROSE/GOLD,CRNO/ZLATNO,CRVENO/ZLATNO",S,Metal,63,61,43,16,130,128,S50256,Uncategorized,SvePotrebno,S50256,"DIOPTRIJSKI OKVIR ROSE/GOLD,CRNO/ZLATNO,CRVENO/ZLATNO S",dioptrijski-okvir-rose-goldcrno-zlatnocrveno-zlatno-s
DIOPTRIJSKI OKVIR,SOLANO,Ženske,Nepravilan,ROSE/GOLD,S,Metal,63,61,43,16,130,128,S50256-1,Uncategorized,SvePotrebno,S50256,DIOPTRIJSKI OKVIR ROSE/GOLD S,dioptrijski-okvir-rose-gold-s
DIOPTRIJSKI OKVIR,SOLANO,Ženske,Nepravilan,CRNO/ZLATNO,S,Metal,63,61,43,16,130,128,S50256-2,Uncategorized,SvePotrebno,S50256,DIOPTRIJSKI OKVIR CRNO/ZLATNO S,dioptrijski-okvir-crno-zlatno-s-2
DIOPTRIJSKI OKVIR,SOLANO,Ženske,Nepravilan,CRVENO/ZLATNO,S,Metal,63,61,43,16,130,128,S50256-3,Uncategorized,SvePotrebno,S50256,DIOPTRIJSKI OKVIR CRVENO/ZLATNO S,dioptrijski-okvir-crveno-zlatno-s
DIOPTRIJSKI OKVIR,ANNE MARIE,Ženske,Nepravilan,"CRNO/ZLATNO,TAMNO-PLAVO/SREBRNO",S,Metal,70,49,43,16,130,124,AM50071,Uncategorized,SvePotrebno,AM50071,"DIOPTRIJSKI OKVIR CRNO/ZLATNO,TAMNO-PLAVO/SREBRNO S",dioptrijski-okvir-crno-zlatnotamnoplavo-srebrno-s
DIOPTRIJSKI OKVIR,ANNE MARIE,Ženske,Nepravilan,CRNO/ZLATNO,S,Metal,70,49,43,16,130,124,AM50071-1,Uncategorized,SvePotrebno,AM50071,DIOPTRIJSKI OKVIR CRNO/ZLATNO S,dioptrijski-okvir-crno-zlatno-s-3
DIOPTRIJSKI OKVIR,ANNE MARIE,Ženske,Nepravilan,TAMNO-PLAVO/SREBRNO,S,Metal,70,49,43,16,130,124,AM50071-2,Uncategorized,SvePotrebno,AM50071,DIOPTRIJSKI OKVIR TAMNO-PLAVO/SREBRNO S,dioptrijski-okvir-tamnoplavo-srebrno-s
DIOPTRIJSKI OKVIR,ANNE MARIE,Ženske,Nepravilan,CRNO/SREBRNO,S,Metal,70,49,43,16,130,124,AM50070,Uncategorized,SvePotrebno,AM50070,DIOPTRIJSKI OKVIR CRNO/SREBRNO S,dioptrijski-okvir-crno-srebrno-s
DIOPTRIJSKI OKVIR,ANNE MARIE,Ženske,Nepravilan,CRNO/SREBRNO,S,Metal,70,49,43,16,130,124,AM50070-1,Uncategorized,SvePotrebno,AM50070,DIOPTRIJSKI OKVIR CRNO/SREBRNO S,dioptrijski-okvir-crno-srebrno-s-1
DIOPTRIJSKI OKVIR,SOLANO,Ženske,Nepravilan,CRVENO/ZLATNO,S,Metal,63,49,40,18,132,130,S50253,Uncategorized,SvePotrebno,S50253,DIOPTRIJSKI OKVIR CRVENO/ZLATNO S,dioptrijski-okvir-crveno-zlatno-s-1
DIOPTRIJSKI OKVIR,SOLANO,Ženske,Nepravilan,CRVENO/ZLATNO,S,Metal,63,49,40,18,132,130,S50253-1,Uncategorized,SvePotrebno,S50253,DIOPTRIJSKI OKVIR CRVENO/ZLATNO S,dioptrijski-okvir-crveno-zlatno-s-2
DIOPTRIJSKI OKVIR,ANNE MARIE,Ženske,Okrugao,TRANSPARENTNO ROZA,S,Plastika,88,50,46,18,140,130,AM20363,Uncategorized,SvePotrebno,AM20363,DIOPTRIJSKI OKVIR TRANSPARENTNO ROZA S,dioptrijski-okvir-transparentno-roza-s
DIOPTRIJSKI OKVIR,ANNE MARIE,Ženske,Okrugao,TRANSPARENTNO ROZA,S,Plastika,88,50,46,18,140,130,AM20363-1,Uncategorized,SvePotrebno,AM20363,DIOPTRIJSKI OKVIR TRANSPARENTNO ROZA S,dioptrijski-okvir-transparentno-roza-s-1
DIOPTRIJSKI OKVIR,ANNE MARIE,Ženske,Nepravilan,"CRNA,PLAVA",S,Plastika,90,50,42,16,130,130,AM50066,Uncategorized,SvePotrebno,AM50066,"DIOPTRIJSKI OKVIR CRNA,PLAVA S",dioptrijski-okvir-crnaplava-s
DIOPTRIJSKI OKVIR,ANNE MARIE,Ženske,Nepravilan,CRNA,S,Plastika,90,50,42,16,130,130,AM50066-1,Uncategorized,SvePotrebno,AM50066,DIOPTRIJSKI OKVIR CRNA S,dioptrijski-okvir-crna-s-3
DIOPTRIJSKI OKVIR,ANNE MARIE,Ženske,Nepravilan,PLAVA,S,Plastika,90,50,42,16,130,130,AM50066-2,Uncategorized,SvePotrebno,AM50066,DIOPTRIJSKI OKVIR PLAVA S,dioptrijski-okvir-plava-s
DIOPTRIJSKI OKVIR,SOLANO,Ženske,Četvrtasti,"CRNA,CRVENA",S,Plastika,63,51,42,15,130,130,S50258,Uncategorized,SvePotrebno,S50258,"DIOPTRIJSKI OKVIR CRNA,CRVENA S",dioptrijski-okvir-crnacrvena-s
DIOPTRIJSKI OKVIR,SOLANO,Ženske,Četvrtasti,CRNA,S,Plastika,63,51,42,15,130,130,S50258-1,Uncategorized,SvePotrebno,S50258,DIOPTRIJSKI OKVIR CRNA S,dioptrijski-okvir-crna-s-4
DIOPTRIJSKI OKVIR,SOLANO,Ženske,Četvrtasti,CRVENA,S,Plastika,63,51,42,15,130,130,S50258-2,Uncategorized,SvePotrebno,S50258,DIOPTRIJSKI OKVIR CRVENA S,dioptrijski-okvir-crvena-s
DIOPTRIJSKI OKVIR,SOLANO,Ženske,Okrugao,"PLAVA,CRNA",S,Plastika,80,49,45,17,142,125,S50242,Uncategorized,SvePotrebno,S50242,"DIOPTRIJSKI OKVIR PLAVA,CRNA S",dioptrijski-okvir-plavacrna-s
DIOPTRIJSKI OKVIR,SOLANO,Ženske,Okrugao,PLAVA,S,Plastika,80,49,45,17,142,125,S50242-1,Uncategorized,SvePotrebno,S50242,DIOPTRIJSKI OKVIR PLAVA S,dioptrijski-okvir-plava-s-1
DIOPTRIJSKI OKVIR,SOLANO,Ženske,Okrugao,CRNA,S,Plastika,80,49,45,17,142,125,S50242-2,Uncategorized,SvePotrebno,S50242,DIOPTRIJSKI OKVIR CRNA S,dioptrijski-okvir-crna-s-5
DIOPTRIJSKI OKVIR,JENS HAGEN,Ženske,Pahthos,BURGUNDY,M,Plastika,50,52,45,15,140,135,JH20061,Uncategorized,SvePotrebno,JH20061,DIOPTRIJSKI OKVIR BURGUNDY M,dioptrijski-okvir-burgundy-m
DIOPTRIJSKI OKVIR,JENS HAGEN,Ženske,Pahthos,BURGUNDY,M,Plastika,50,52,45,15,140,135,JH20061-1,Uncategorized,SvePotrebno,JH20061,DIOPTRIJSKI OKVIR BURGUNDY M,dioptrijski-okvir-burgundy-m-1
DIOPTRIJSKI OKVIR,JENS HAGEN,Ženske,Okrugao,"SIVA,PLAVA,TRANSPARENTNO ROZA",M,Plastika,60,51,45,17,140,130,JH20073,Uncategorized,SvePotrebno,JH20073,"DIOPTRIJSKI OKVIR SIVA,PLAVA,TRANSPARENTNO ROZA M",dioptrijski-okvir-sivaplavatransparentno-roza-m
DIOPTRIJSKI OKVIR,JENS HAGEN,Ženske,Okrugao,SIVA,M,Plastika,60,51,45,17,140,130,JH20073-1,Uncategorized,SvePotrebno,JH20073,DIOPTRIJSKI OKVIR SIVA M,dioptrijski-okvir-siva-m-2
DIOPTRIJSKI OKVIR,JENS HAGEN,Ženske,Okrugao,PLAVA,M,Plastika,60,51,45,17,140,130,JH20073-2,Uncategorized,SvePotrebno,JH20073,DIOPTRIJSKI OKVIR PLAVA M,dioptrijski-okvir-plava-m
DIOPTRIJSKI OKVIR,JENS HAGEN,Ženske,Okrugao,TRANSPARENTNO ROZA,M,Plastika,60,51,45,17,140,130,JH20073-3,Uncategorized,SvePotrebno,JH20073,DIOPTRIJSKI OKVIR TRANSPARENTNO ROZA M,dioptrijski-okvir-transparentno-roza-m
DIOPTRIJSKI OKVIR,JENS HAGEN,Ženske,Šesterokutan,"CRNA,TRANSPARENTNO LJUBIČASTA",M,Plastika,60,52,44,16,140,135,JH20076,Uncategorized,SvePotrebno,JH20076,"DIOPTRIJSKI OKVIR CRNA,TRANSPARENTNO LJUBIČASTA M",dioptrijski-okvir-crnatransparentno-ljubicasta-m
DIOPTRIJSKI OKVIR,JENS HAGEN,Ženske,Šesterokutan,CRNA,M,Plastika,60,52,44,16,140,135,JH20076-1,Uncategorized,SvePotrebno,JH20076,DIOPTRIJSKI OKVIR CRNA M,dioptrijski-okvir-crna-m
DIOPTRIJSKI OKVIR,JENS HAGEN,Ženske,Šesterokutan,TRANSPARENTNO LJUBIČASTA,M,Plastika,60,52,44,16,140,135,JH20076-2,Uncategorized,SvePotrebno,JH20076,DIOPTRIJSKI OKVIR TRANSPARENTNO LJUBIČASTA M,dioptrijski-okvir-transparentno-ljubicasta-m
DIOPTRIJSKI OKVIR,JENS HAGEN,Ženske,Nepravilan,TRANSPARENTNA,M,Plastika,60,52,43,16,140,135,JH20077,Uncategorized,SvePotrebno,JH20077,DIOPTRIJSKI OKVIR TRANSPARENTNA M,dioptrijski-okvir-transparentna-m
DIOPTRIJSKI OKVIR,JENS HAGEN,Ženske,Nepravilan,TRANSPARENTNA,M,Plastika,60,52,43,16,140,135,JH20077-1,Uncategorized,SvePotrebno,JH20077,DIOPTRIJSKI OKVIR TRANSPARENTNA M,dioptrijski-okvir-transparentna-m-1
DIOPTRIJSKI OKVIR,JENS HAGEN,Ženske,Okrugao,CRNA,M,Acetat,60,48,50,20,145,137,JH20066,Uncategorized,SvePotrebno,JH20066,DIOPTRIJSKI OKVIR CRNA M,dioptrijski-okvir-crna-m-1
DIOPTRIJSKI OKVIR,JENS HAGEN,Ženske,Okrugao,CRNA,M,Acetat,60,48,50,20,145,137,JH20066-1,Uncategorized,SvePotrebno,JH20066,DIOPTRIJSKI OKVIR CRNA M,dioptrijski-okvir-crna-m-2
DIOPTRIJSKI OKVIR,JENS HAGEN,,Okrugao,SIVA,M,Acetat,50,50,47,19,140,135,JH20083,Uncategorized,SvePotrebno,JH20083,DIOPTRIJSKI OKVIR SIVA M,dioptrijski-okvir-siva-m-3
DIOPTRIJSKI OKVIR,JENS HAGEN,,Okrugao,SIVA,M,Acetat,50,50,47,19,140,135,JH20083-1,Uncategorized,SvePotrebno,JH20083,DIOPTRIJSKI OKVIR SIVA M,dioptrijski-okvir-siva-m-4
DIOPTRIJSKI OKVIR,SOLANO,Ženske,Nepravilan,ZELENO/CRNA,M,Acetat,80,55,48,15,140,140,S20632,Uncategorized,SvePotrebno,S20632,DIOPTRIJSKI OKVIR ZELENO/CRNA M,dioptrijski-okvir-zeleno-crna-m
DIOPTRIJSKI OKVIR,SOLANO,Ženske,Nepravilan,ZELENO/CRNA,M,Acetat,80,55,48,15,140,140,S20632-1,Uncategorized,SvePotrebno,S20632,DIOPTRIJSKI OKVIR ZELENO/CRNA M,dioptrijski-okvir-zeleno-crna-m-1
DIOPTRIJSKI OKVIR,SOLANO,Ženske,Nepravilan,SIVO/CRVENA,M,Acetat,90,64,47,16,140,138,S20631,Uncategorized,SvePotrebno,S20631,DIOPTRIJSKI OKVIR SIVO/CRVENA M,dioptrijski-okvir-sivo-crvena-m
DIOPTRIJSKI OKVIR,SOLANO,Ženske,Nepravilan,SIVO/CRVENA,M,Acetat,90,64,47,16,140,138,S20631-1,Uncategorized,SvePotrebno,S20631,DIOPTRIJSKI OKVIR SIVO/CRVENA M,dioptrijski-okvir-sivo-crvena-m-1
DIOPTRIJSKI OKVIR,SOLANO,Ženske,Nepravilan,"HAVANA,CRNA/LJUBIČASTA",M,Acetat,90,54,50,18,140,140,S20641,Uncategorized,SvePotrebno,S20641,"DIOPTRIJSKI OKVIR HAVANA,CRNA/LJUBIČASTA M",dioptrijski-okvir-havanacrna-ljubicasta-m
DIOPTRIJSKI OKVIR,SOLANO,Ženske,Nepravilan,HAVANA,M,Acetat,90,54,50,18,140,140,S20641-1,Uncategorized,SvePotrebno,S20641,DIOPTRIJSKI OKVIR HAVANA M,dioptrijski-okvir-havana-m
DIOPTRIJSKI OKVIR,SOLANO,Ženske,Nepravilan,CRNA/LJUBIČASTA,M,Acetat,90,54,50,18,140,140,S20641-2,Uncategorized,SvePotrebno,S20641,DIOPTRIJSKI OKVIR CRNA/LJUBIČASTA M,dioptrijski-okvir-crna-ljubicasta-m
DIOPTRIJSKI OKVIR,SOLANO,Ženske,Cat Eye,CRVENA,M,Acetat,80,54,42,17,140,138,S20635,Uncategorized,SvePotrebno,S20635,DIOPTRIJSKI OKVIR CRVENA M,dioptrijski-okvir-crvena-m
DIOPTRIJSKI OKVIR,SOLANO,Ženske,Cat Eye,CRVENA,M,Acetat,80,54,42,17,140,138,S20635-1,Uncategorized,SvePotrebno,S20635,DIOPTRIJSKI OKVIR CRVENA M,dioptrijski-okvir-crvena-m-1
DIOPTRIJSKI OKVIR,SOLANO,Ženske,Pahthos,CRNA/SIVA,L,Acetat,100,54,53,20,145,145,S20630,Uncategorized,SvePotrebno,S20630,DIOPTRIJSKI OKVIR CRNA/SIVA L,dioptrijski-okvir-crna-siva-l
DIOPTRIJSKI OKVIR,SOLANO,Ženske,Pahthos,CRNA/SIVA,L,Acetat,100,54,53,20,145,145,S20630-1,Uncategorized,SvePotrebno,S20630,DIOPTRIJSKI OKVIR CRNA/SIVA L,dioptrijski-okvir-crna-siva-l-1
DIOPTRIJSKI OKVIR,SOLANO,Ženske,Nepravilan,ZELENA,M,Acetat,75,53,48,17,140,135,S20636,Uncategorized,SvePotrebno,S20636,DIOPTRIJSKI OKVIR ZELENA M,dioptrijski-okvir-zelena-m
DIOPTRIJSKI OKVIR,SOLANO,Ženske,Nepravilan,ZELENA,M,Acetat,75,53,48,17,140,135,S20636-1,Uncategorized,SvePotrebno,S20636,DIOPTRIJSKI OKVIR ZELENA M,dioptrijski-okvir-zelena-m-1
