Naziv proizvoda,BREND,,OBLIK OKVIRA,U KOJIM BOJAMA JE DOSTUPAN,U KOJIM VELIČINAMA,MATERIJAL OKVIRA,CIJENA S UKLJUČENIM PDV-om,ŠIRINA LEĆE,VISINA LEĆE,ŠIRINA MOSTA,RUČKICE,ŠIRINA FRONTE,ŠIFRA,Kategorija,AtributSet,Slika,Naziv final,slug
DIOPTRIJSKI OKVIR,POLICE,,Četvrtasti,CRNA 700Y,M,Acetat,130,51,44,18,145,135,VPLP13,Uncategorized,SvePotrebno,VPLP13,DIOPTRIJSKI OKVIR CRNA 700Y M,dioptrijski-okvir-crna-700y-m
DIOPTRIJSKI OKVIR,POLICE,,Četvrtasti,CRNA 700Y,M,Acetat,130,51,44,18,145,135,VPLP13-1,Uncategorized,SvePotrebno,VPLP13,DIOPTRIJSKI OKVIR CRNA 700Y M,dioptrijski-okvir-crna-700y-m-1
DIOPTRIJSKI OKVIR,POLICE,,Četvrtasti,"TAMNO/SVJETLO SIVA GRADUAL 0G46,TAMNO/SVJETLO PLAVA 0W60,TAMNO/SVJETLO SIVA 0G46,CRNA 0700","M,L",Acetat,150,52,45,18,145,137,VPLP15,Uncategorized,SvePotrebno,VPLP15,"DIOPTRIJSKI OKVIR TAMNO/SVJETLO SIVA GRADUAL 0G46,TAMNO/SVJETLO PLAVA 0W60,TAMNO/SVJETLO SIVA 0G46,CRNA 0700 M,L",dioptrijski-okvir-tamno-svjetlo-siva-gradual-0g46tamno-svjetlo-plava-0w60tamno-svjetlo-siva-0g46crna-0700-ml
DIOPTRIJSKI OKVIR,POLICE,,Četvrtasti,TAMNO/SVJETLO SIVA GRADUAL 0G46,M,Acetat,150,52,45,18,145,137,VPLP15-1,Uncategorized,SvePotrebno,VPLP15,DIOPTRIJSKI OKVIR TAMNO/SVJETLO SIVA GRADUAL 0G46 M,dioptrijski-okvir-tamno-svjetlo-siva-gradual-0g46-m
DIOPTRIJSKI OKVIR,POLICE,,Četvrtasti,TAMNO/SVJETLO PLAVA 0W60,M,Acetat,150,52,45,18,145,137,VPLP15-2,Uncategorized,SvePotrebno,VPLP15,DIOPTRIJSKI OKVIR TAMNO/SVJETLO PLAVA 0W60 M,dioptrijski-okvir-tamno-svjetlo-plava-0w60-m
DIOPTRIJSKI OKVIR,POLICE,,Četvrtasti,TAMNO/SVJETLO PLAVA 0W60,L,Acetat,150,55,49,19,145,145,VPLP15-3,Uncategorized,SvePotrebno,VPLP15,DIOPTRIJSKI OKVIR TAMNO/SVJETLO PLAVA 0W60 L,dioptrijski-okvir-tamno-svjetlo-plava-0w60-l
DIOPTRIJSKI OKVIR,POLICE,,Četvrtasti,TAMNO/SVJETLO SIVA 0G46,L,Acetat,150,55,49,19,145,145,VPLP15-4,Uncategorized,SvePotrebno,VPLP15,DIOPTRIJSKI OKVIR TAMNO/SVJETLO SIVA 0G46 L,dioptrijski-okvir-tamno-svjetlo-siva-0g46-l
DIOPTRIJSKI OKVIR,POLICE,,Četvrtasti,CRNA 0700,L,Acetat,150,55,48,19,145,146,VPLP15-5,Uncategorized,SvePotrebno,VPLP15,DIOPTRIJSKI OKVIR CRNA 0700 L,dioptrijski-okvir-crna-0700-l
DIOPTRIJSKI OKVIR,POLICE,,Četvrtasti,"CRNA 700Y,PLAVA 06WR,PRUGASTO PLAVA 06WR","M,L",Acetat,135,52,43,17,145,135,VPLL71,Uncategorized,SvePotrebno,VPLL71,"DIOPTRIJSKI OKVIR CRNA 700Y,PLAVA 06WR,PRUGASTO PLAVA 06WR M,L",dioptrijski-okvir-crna-700yplava-06wrprugasto-plava-06wr-ml
DIOPTRIJSKI OKVIR,POLICE,,Četvrtasti,CRNA 700Y,M,Acetat,135,52,43,17,145,135,VPLL71-1,Uncategorized,SvePotrebno,VPLL71,DIOPTRIJSKI OKVIR CRNA 700Y M,dioptrijski-okvir-crna-700y-m-2
DIOPTRIJSKI OKVIR,POLICE,,Četvrtasti,PLAVA 06WR,M,Acetat,135,52,43,17,145,135,VPLL71-2,Uncategorized,SvePotrebno,VPLL71,DIOPTRIJSKI OKVIR PLAVA 06WR M,dioptrijski-okvir-plava-06wr-m
DIOPTRIJSKI OKVIR,POLICE,,Četvrtasti,PRUGASTO PLAVA 06WR,L,Acetat,135,55,45,17,145,140,VPLL71-3,Uncategorized,SvePotrebno,VPLL71,DIOPTRIJSKI OKVIR PRUGASTO PLAVA 06WR L,dioptrijski-okvir-prugasto-plava-06wr-l
DIOPTRIJSKI OKVIR,POLICE,,Četvrtasti,CRNA 700Y,L,Acetat,135,55,45,17,145,140,VPLL71-4,Uncategorized,SvePotrebno,VPLL71,DIOPTRIJSKI OKVIR CRNA 700Y L,dioptrijski-okvir-crna-700y-l
DIOPTRIJSKI OKVIR,POLICE,,Četvrtasti,"CRNA 0700,PLAVA 0C03","M,L",Acetat,110,53,39,17,145,137,VPLN16,Uncategorized,SvePotrebno,VPLN16,"DIOPTRIJSKI OKVIR CRNA 0700,PLAVA 0C03 M,L",dioptrijski-okvir-crna-0700plava-0c03-ml
DIOPTRIJSKI OKVIR,POLICE,,Četvrtasti,CRNA 0700,M,Acetat,110,53,39,17,145,137,VPLN16-1,Uncategorized,SvePotrebno,VPLN16,DIOPTRIJSKI OKVIR CRNA 0700 M,dioptrijski-okvir-crna-0700-m
DIOPTRIJSKI OKVIR,POLICE,,Četvrtasti,PLAVA 0C03,M,Acetat,110,53,39,17,145,137,VPLN16-2,Uncategorized,SvePotrebno,VPLN16,DIOPTRIJSKI OKVIR PLAVA 0C03 M,dioptrijski-okvir-plava-0c03-m
DIOPTRIJSKI OKVIR,POLICE,,Četvrtasti,PLAVA 0C03,L,Acetat,110,56,41,18,145,145,VPLN16-3,Uncategorized,SvePotrebno,VPLN16,DIOPTRIJSKI OKVIR PLAVA 0C03 L,dioptrijski-okvir-plava-0c03-l
DIOPTRIJSKI OKVIR,POLICE,,Četvrtasti,CRNA 0700,L,Acetat,110,56,42,18,145,145,VPLN16-4,Uncategorized,SvePotrebno,VPLN16,DIOPTRIJSKI OKVIR CRNA 0700 L,dioptrijski-okvir-crna-0700-l-1
DIOPTRIJSKI OKVIR,POLICE,,Četvrtasti,PRUGASTO TAMNO/SVJETLO PLAVA  0LMB,M,Acetat,110,55,45,17,145,137,VPLN81,Uncategorized,SvePotrebno,VPLN81,DIOPTRIJSKI OKVIR PRUGASTO TAMNO/SVJETLO PLAVA  0LMB M,dioptrijski-okvir-prugasto-tamno-svjetlo-plava-0lmb-m
DIOPTRIJSKI OKVIR,POLICE,,Četvrtasti,PRUGASTO TAMNO/SVJETLO PLAVA  0LMB,M,Acetat,110,55,45,17,145,137,VPLN81-1,Uncategorized,SvePotrebno,VPLN81,DIOPTRIJSKI OKVIR PRUGASTO TAMNO/SVJETLO PLAVA  0LMB M,dioptrijski-okvir-prugasto-tamno-svjetlo-plava-0lmb-m-1
DIOPTRIJSKI OKVIR,POLICE,,Četvrtasti,"PLAVA AGQM,MAT CRANA 0U28",M,Plastika,115,56,43,15,145,140,VPLG70,Uncategorized,SvePotrebno,VPLG70,"DIOPTRIJSKI OKVIR PLAVA AGQM,MAT CRANA 0U28 M",dioptrijski-okvir-plava-agqmmat-crana-0u28-m
DIOPTRIJSKI OKVIR,POLICE,,Četvrtasti,PLAVA AGQM,M,Plastika,115,56,43,15,145,140,VPLG70-1,Uncategorized,SvePotrebno,VPLG70,DIOPTRIJSKI OKVIR PLAVA AGQM M,dioptrijski-okvir-plava-agqm-m
DIOPTRIJSKI OKVIR,POLICE,,Četvrtasti,MAT CRANA 0U28,M,Plastika,115,56,43,15,145,140,VPLG70-2,Uncategorized,SvePotrebno,VPLG70,DIOPTRIJSKI OKVIR MAT CRANA 0U28 M,dioptrijski-okvir-mat-crana-0u28-m
DIOPTRIJSKI OKVIR,POLICE,,Četvrtasti,TRANSPARENTNO PLAVA 06NA,"L,M",Acetat,110,57,45,18,145,145,VPLN17,Uncategorized,SvePotrebno,VPLN17,"DIOPTRIJSKI OKVIR TRANSPARENTNO PLAVA 06NA L,M",dioptrijski-okvir-transparentno-plava-06na-lm
DIOPTRIJSKI OKVIR,POLICE,,Četvrtasti,TRANSPARENTNO PLAVA 06NA,L,Acetat,110,57,45,18,145,145,VPLN17-1,Uncategorized,SvePotrebno,VPLN17,DIOPTRIJSKI OKVIR TRANSPARENTNO PLAVA 06NA L,dioptrijski-okvir-transparentno-plava-06na-l
DIOPTRIJSKI OKVIR,POLICE,,Četvrtasti,TRANSPARENTNO PLAVA 06NA,M,Acetat,110,54,43,17,145,137,VPLN17-2,Uncategorized,SvePotrebno,VPLN17,DIOPTRIJSKI OKVIR TRANSPARENTNO PLAVA 06NA M,dioptrijski-okvir-transparentno-plava-06na-m
DIOPTRIJSKI OKVIR,POLICE,,Četvrtasti,"CRNA MAT 0531,PLAVA MAT 0SDJ",M,Metal,158,54,43,18,145,138,VPLN25,Uncategorized,SvePotrebno,VPLN25,"DIOPTRIJSKI OKVIR CRNA MAT 0531,PLAVA MAT 0SDJ M",dioptrijski-okvir-crna-mat-0531plava-mat-0sdj-m
DIOPTRIJSKI OKVIR,POLICE,,Četvrtasti,CRNA MAT 0531,M,Metal,158,54,43,18,145,138,VPLN25-1,Uncategorized,SvePotrebno,VPLN25,DIOPTRIJSKI OKVIR CRNA MAT 0531 M,dioptrijski-okvir-crna-mat-0531-m
DIOPTRIJSKI OKVIR,POLICE,,Četvrtasti,PLAVA MAT 0SDJ,M,Metal,158,54,43,18,145,138,VPLN25-2,Uncategorized,SvePotrebno,VPLN25,DIOPTRIJSKI OKVIR PLAVA MAT 0SDJ M,dioptrijski-okvir-plava-mat-0sdj-m
DIOPTRIJSKI OKVIR,POLICE,,Okrugao,"TRANSPARENTNO SVJ.SMEĐA 06A9,ZELENA 0G61",M,Acetat,165,51,48,19,145,135,VPLF10,Uncategorized,SvePotrebno,VPLF10,"DIOPTRIJSKI OKVIR TRANSPARENTNO SVJ.SMEĐA 06A9,ZELENA 0G61 M",dioptrijski-okvir-transparentno-svjsmeda-06a9zelena-0g61-m
DIOPTRIJSKI OKVIR,POLICE,,Okrugao,TRANSPARENTNO SVJ.SMEĐA 06A9,M,Acetat,165,51,48,19,145,135,VPLF10-1,Uncategorized,SvePotrebno,VPLF10,DIOPTRIJSKI OKVIR TRANSPARENTNO SVJ.SMEĐA 06A9 M,dioptrijski-okvir-transparentno-svjsmeda-06a9-m
DIOPTRIJSKI OKVIR,POLICE,,Okrugao,ZELENA 0G61,M,Plastika,165,51,48,19,145,135,VPLF10-2,Uncategorized,SvePotrebno,VPLF10,DIOPTRIJSKI OKVIR ZELENA 0G61 M,dioptrijski-okvir-zelena-0g61-m
DIOPTRIJSKI OKVIR,POLICE,,Okrugao,"CRNA MAT U28Y,TRANSPARENTNO SIVA 098Z,TRANSPARENTNA 0880",M,Plastika,115,52,47,19,145,137,VPLL63,Uncategorized,SvePotrebno,VPLL63,"DIOPTRIJSKI OKVIR CRNA MAT U28Y,TRANSPARENTNO SIVA 098Z,TRANSPARENTNA 0880 M",dioptrijski-okvir-crna-mat-u28ytransparentno-siva-098ztransparentna-0880-m
DIOPTRIJSKI OKVIR,POLICE,,Okrugao,CRNA MAT U28Y,M,Plastika,115,52,47,19,145,137,VPLL63-1,Uncategorized,SvePotrebno,VPLL63,DIOPTRIJSKI OKVIR CRNA MAT U28Y M,dioptrijski-okvir-crna-mat-u28y-m
DIOPTRIJSKI OKVIR,POLICE,,Okrugao,TRANSPARENTNO SIVA 098Z,M,Plastika,115,52,47,19,145,137,VPLL63-2,Uncategorized,SvePotrebno,VPLL63,DIOPTRIJSKI OKVIR TRANSPARENTNO SIVA 098Z M,dioptrijski-okvir-transparentno-siva-098z-m
DIOPTRIJSKI OKVIR,POLICE,,Okrugao,TRANSPARENTNA 0880,M,Plastika,115,52,47,19,145,138,VPLL63-3,Uncategorized,SvePotrebno,VPLL63,DIOPTRIJSKI OKVIR TRANSPARENTNA 0880 M,dioptrijski-okvir-transparentna-0880-m
DIOPTRIJSKI OKVIR,POLICE,,Četvrtasti,"GUN METAL 0568,SIVA SJAJ 0568,MAT CRNA 0531,CRNA 0531","M,S",Metal,150,55,41,19,145,130,VPLL65,Uncategorized,SvePotrebno,VPLL65,"DIOPTRIJSKI OKVIR GUN METAL 0568,SIVA SJAJ 0568,MAT CRNA 0531,CRNA 0531 M,S",dioptrijski-okvir-gun-metal-0568siva-sjaj-0568mat-crna-0531crna-0531-ms
DIOPTRIJSKI OKVIR,POLICE,,Četvrtasti,GUN METAL 0568,M,Metal,150,55,41,19,145,130,VPLL65-1,Uncategorized,SvePotrebno,VPLL65,DIOPTRIJSKI OKVIR GUN METAL 0568 M,dioptrijski-okvir-gun-metal-0568-m
DIOPTRIJSKI OKVIR,POLICE,,Četvrtasti,SIVA SJAJ 0568,M,Metal,150,55,43,19,145,137,VPLL65-2,Uncategorized,SvePotrebno,VPLL65,DIOPTRIJSKI OKVIR SIVA SJAJ 0568 M,dioptrijski-okvir-siva-sjaj-0568-m
DIOPTRIJSKI OKVIR,POLICE,,Četvrtasti,MAT CRNA 0531,M,Metal,150,55,43,19,145,137,VPLL65-3,Uncategorized,SvePotrebno,VPLL65,DIOPTRIJSKI OKVIR MAT CRNA 0531 M,dioptrijski-okvir-mat-crna-0531-m
DIOPTRIJSKI OKVIR,POLICE,,Četvrtasti,CRNA 0531,S,Metal,148,52,41,19,145,130,VPLL65-4,Uncategorized,SvePotrebno,VPLL65,DIOPTRIJSKI OKVIR CRNA 0531 S,dioptrijski-okvir-crna-0531-s
DIOPTRIJSKI OKVIR,POLICE,,Četvrtasti,"PLAVA 0696,GUN METAL 0584,MAT PLAVA 0696,SJAJ GUN METAL 0584","M,L",Metal,128,53,39,18,145,135,VPLN18,Uncategorized,SvePotrebno,VPLN18,"DIOPTRIJSKI OKVIR PLAVA 0696,GUN METAL 0584,MAT PLAVA 0696,SJAJ GUN METAL 0584 M,L",dioptrijski-okvir-plava-0696gun-metal-0584mat-plava-0696sjaj-gun-metal-0584-ml
DIOPTRIJSKI OKVIR,POLICE,,Četvrtasti,PLAVA 0696,M,Metal,128,53,39,18,145,135,VPLN18-1,Uncategorized,SvePotrebno,VPLN18,DIOPTRIJSKI OKVIR PLAVA 0696 M,dioptrijski-okvir-plava-0696-m
DIOPTRIJSKI OKVIR,POLICE,,Četvrtasti,GUN METAL 0584,M,Metal,128,53,39,18,145,135,VPLN18-2,Uncategorized,SvePotrebno,VPLN18,DIOPTRIJSKI OKVIR GUN METAL 0584 M,dioptrijski-okvir-gun-metal-0584-m
DIOPTRIJSKI OKVIR,POLICE,,Četvrtasti,MAT PLAVA 0696,L,Metal,128,56,40,19,145,143,VPLN18-3,Uncategorized,SvePotrebno,VPLN18,DIOPTRIJSKI OKVIR MAT PLAVA 0696 L,dioptrijski-okvir-mat-plava-0696-l
DIOPTRIJSKI OKVIR,POLICE,,Četvrtasti,SJAJ GUN METAL 0584,L,Metal,128,56,40,19,145,143,VPLN18-4,Uncategorized,SvePotrebno,VPLN18,DIOPTRIJSKI OKVIR SJAJ GUN METAL 0584 L,dioptrijski-okvir-sjaj-gun-metal-0584-l
DIOPTRIJSKI OKVIR,POLICE,,Četvrtasti,MAT GUN METAL 0627,M,Titan,175,53,40,19,145,135,VPLP16,Uncategorized,SvePotrebno,VPLP16,DIOPTRIJSKI OKVIR MAT GUN METAL 0627 M,dioptrijski-okvir-mat-gun-metal-0627-m
DIOPTRIJSKI OKVIR,POLICE,,Četvrtasti,MAT GUN METAL 0627,M,Titan,175,53,40,19,145,135,VPLP16-1,Uncategorized,SvePotrebno,VPLP16,DIOPTRIJSKI OKVIR MAT GUN METAL 0627 M,dioptrijski-okvir-mat-gun-metal-0627-m-1
DIOPTRIJSKI OKVIR,POLICE,,Četvrtasti,SIVA SJAJ 0509,M,Metal,125,54,42,19,145,140,VPLP10,Uncategorized,SvePotrebno,VPLP10,DIOPTRIJSKI OKVIR SIVA SJAJ 0509 M,dioptrijski-okvir-siva-sjaj-0509-m
DIOPTRIJSKI OKVIR,POLICE,,Četvrtasti,SIVA SJAJ 0509,M,Metal,125,54,42,19,145,140,VPLP10-1,Uncategorized,SvePotrebno,VPLP10,DIOPTRIJSKI OKVIR SIVA SJAJ 0509 M,dioptrijski-okvir-siva-sjaj-0509-m-1
DIOPTRIJSKI OKVIR,POLICE,,Četvrtasti,"MAT PLAVA 508Y,MAT CRNA 0K56",M,Metal,140,53,42,18,145,140,VPLF07,Uncategorized,SvePotrebno,VPLF07,"DIOPTRIJSKI OKVIR MAT PLAVA 508Y,MAT CRNA 0K56 M",dioptrijski-okvir-mat-plava-508ymat-crna-0k56-m
DIOPTRIJSKI OKVIR,POLICE,,Četvrtasti,MAT PLAVA 508Y,M,Metal,140,53,42,18,145,140,VPLF07-1,Uncategorized,SvePotrebno,VPLF07,DIOPTRIJSKI OKVIR MAT PLAVA 508Y M,dioptrijski-okvir-mat-plava-508y-m
DIOPTRIJSKI OKVIR,POLICE,,Četvrtasti,MAT CRNA 0K56,M,Metal,140,53,42,18,145,140,VPLF07-2,Uncategorized,SvePotrebno,VPLF07,DIOPTRIJSKI OKVIR MAT CRNA 0K56 M,dioptrijski-okvir-mat-crna-0k56-m
DIOPTRIJSKI OKVIR,POLICE,,Četvrtasti,SIVA SJAJ 0568,M,Metal,120,54,43,18,145,135,VPLP08,Uncategorized,SvePotrebno,VPLP08,DIOPTRIJSKI OKVIR SIVA SJAJ 0568 M,dioptrijski-okvir-siva-sjaj-0568-m-1
DIOPTRIJSKI OKVIR,POLICE,,Četvrtasti,SIVA SJAJ 0568,M,Metal,120,54,43,18,145,135,VPLP08-1,Uncategorized,SvePotrebno,VPLP08,DIOPTRIJSKI OKVIR SIVA SJAJ 0568 M,dioptrijski-okvir-siva-sjaj-0568-m-2
DIOPTRIJSKI OKVIR,POLICE,,Četvrtasti,MAT SIVA 0E56,M,Metal,138,56,43,16,145,140,VPLN22,Uncategorized,SvePotrebno,VPLN22,DIOPTRIJSKI OKVIR MAT SIVA 0E56 M,dioptrijski-okvir-mat-siva-0e56-m
DIOPTRIJSKI OKVIR,POLICE,,Četvrtasti,MAT SIVA 0E56,M,Metal,138,56,43,16,145,140,VPLN22-1,Uncategorized,SvePotrebno,VPLN22,DIOPTRIJSKI OKVIR MAT SIVA 0E56 M,dioptrijski-okvir-mat-siva-0e56-m-1
DIOPTRIJSKI OKVIR,POLICE,,Četvrtasti,CRNA 0531,M,Metal,175,56,43,18,145,140,VPLG79,Uncategorized,SvePotrebno,VPLG79,DIOPTRIJSKI OKVIR CRNA 0531 M,dioptrijski-okvir-crna-0531-m
DIOPTRIJSKI OKVIR,POLICE,,Četvrtasti,CRNA 0531,M,Metal,175,56,43,18,145,140,VPLG79-1,Uncategorized,SvePotrebno,VPLG79,DIOPTRIJSKI OKVIR CRNA 0531 M,dioptrijski-okvir-crna-0531-m-1
DIOPTRIJSKI OKVIR,POLICE,,Okrugao,"SIVA SJAJ 0568,GOLD 0300",M,Metal,120,51,46,19,145,133,VPLP07,Uncategorized,SvePotrebno,VPLP07,"DIOPTRIJSKI OKVIR SIVA SJAJ 0568,GOLD 0300 M",dioptrijski-okvir-siva-sjaj-0568gold-0300-m
DIOPTRIJSKI OKVIR,POLICE,,Okrugao,SIVA SJAJ 0568,M,Metal,120,51,46,19,145,133,VPLP07-1,Uncategorized,SvePotrebno,VPLP07,DIOPTRIJSKI OKVIR SIVA SJAJ 0568 M,dioptrijski-okvir-siva-sjaj-0568-m-3
DIOPTRIJSKI OKVIR,POLICE,,Okrugao,GOLD 0300,M,Metal,120,51,46,19,145,133,VPLP07-2,Uncategorized,SvePotrebno,VPLP07,DIOPTRIJSKI OKVIR GOLD 0300 M,dioptrijski-okvir-gold-0300-m
DIOPTRIJSKI OKVIR,POLICE,,Četvrtasti,"SJAJ GUN METAL 0584,MAT PLAVA 0K53","M,L",Metal,160,52,42,19,145,137,VPLP14,Uncategorized,SvePotrebno,VPLP14,"DIOPTRIJSKI OKVIR SJAJ GUN METAL 0584,MAT PLAVA 0K53 M,L",dioptrijski-okvir-sjaj-gun-metal-0584mat-plava-0k53-ml
DIOPTRIJSKI OKVIR,POLICE,,Četvrtasti,SJAJ GUN METAL 0584,M,Metal,160,52,42,19,145,137,VPLP14-1,Uncategorized,SvePotrebno,VPLP14,DIOPTRIJSKI OKVIR SJAJ GUN METAL 0584 M,dioptrijski-okvir-sjaj-gun-metal-0584-m
DIOPTRIJSKI OKVIR,POLICE,,Četvrtasti,MAT PLAVA 0K53,L,Metal,160,54,43,19,145,140,VPLP14-2,Uncategorized,SvePotrebno,VPLP14,DIOPTRIJSKI OKVIR MAT PLAVA 0K53 L,dioptrijski-okvir-mat-plava-0k53-l
DIOPTRIJSKI OKVIR,POLICE,,Četvrtasti,MAT PLAVA 0K53,M,Metal,138,56,40,15,145,135,VPLD06,Uncategorized,SvePotrebno,VPLD06,DIOPTRIJSKI OKVIR MAT PLAVA 0K53 M,dioptrijski-okvir-mat-plava-0k53-m
DIOPTRIJSKI OKVIR,POLICE,,Četvrtasti,MAT PLAVA 0K53,M,Metal,138,56,40,15,145,135,VPLD06-1,Uncategorized,SvePotrebno,VPLD06,DIOPTRIJSKI OKVIR MAT PLAVA 0K53 M,dioptrijski-okvir-mat-plava-0k53-m-1
DIOPTRIJSKI OKVIR,POLICE,,Četvrtasti,SJAJ GUN METAL 568Y,M,Titan,175,53,40,19,145,137,VPLP17,Uncategorized,SvePotrebno,VPLP17,DIOPTRIJSKI OKVIR SJAJ GUN METAL 568Y M,dioptrijski-okvir-sjaj-gun-metal-568y-m
DIOPTRIJSKI OKVIR,POLICE,,Četvrtasti,SJAJ GUN METAL 568Y,M,Titan,175,53,40,19,145,137,VPLP17-1,Uncategorized,SvePotrebno,VPLP17,DIOPTRIJSKI OKVIR SJAJ GUN METAL 568Y M,dioptrijski-okvir-sjaj-gun-metal-568y-m-1
DIOPTRIJSKI OKVIR,FILA,,Četvrtasti,"PLAVA 0U43,MAT CRNA 0U28",M,Plastika,90,53,38,17,140,138,VF9325,Uncategorized,SvePotrebno,VF9325,"DIOPTRIJSKI OKVIR PLAVA 0U43,MAT CRNA 0U28 M",dioptrijski-okvir-plava-0u43mat-crna-0u28-m
DIOPTRIJSKI OKVIR,FILA,,Četvrtasti,PLAVA 0U43,M,Plastika,90,53,38,17,140,138,VF9325-1,Uncategorized,SvePotrebno,VF9325,DIOPTRIJSKI OKVIR PLAVA 0U43 M,dioptrijski-okvir-plava-0u43-m
DIOPTRIJSKI OKVIR,FILA,,Četvrtasti,MAT CRNA 0U28,M,Plastika,90,53,39,17,140,138,VF9325-2,Uncategorized,SvePotrebno,VF9325,DIOPTRIJSKI OKVIR MAT CRNA 0U28 M,dioptrijski-okvir-mat-crna-0u28-m
DIOPTRIJSKI OKVIR,FILA,,Četvrtasti,"PLAVA0N05,MAT CRNA 028K",S,Plastika,90,51,40,16,135,130,VFI885L,Uncategorized,SvePotrebno,VFI885L,"DIOPTRIJSKI OKVIR PLAVA0N05,MAT CRNA 028K S",dioptrijski-okvir-plava0n05mat-crna-028k-s
DIOPTRIJSKI OKVIR,FILA,,Četvrtasti,PLAVA0N05,S,Plastika,90,51,40,16,135,130,VFI885L-1,Uncategorized,SvePotrebno,VFI885L,DIOPTRIJSKI OKVIR PLAVA0N05 S,dioptrijski-okvir-plava0n05-s
DIOPTRIJSKI OKVIR,FILA,,Četvrtasti,MAT CRNA 028K,S,Plastika,90,51,41,16,135,130,VFI885L-2,Uncategorized,SvePotrebno,VFI885L,DIOPTRIJSKI OKVIR MAT CRNA 028K S,dioptrijski-okvir-mat-crna-028k-s
DIOPTRIJSKI OKVIR,POLICE,,Okrugao,PLAVA 0T31,M,Plastika,130,50,47,19,145,135,VPLG72,Uncategorized,SvePotrebno,VPLG72,DIOPTRIJSKI OKVIR PLAVA 0T31 M,dioptrijski-okvir-plava-0t31-m
DIOPTRIJSKI OKVIR,POLICE,,Okrugao,PLAVA 0T31,M,Plastika,130,50,47,19,145,135,VPLG72-1,Uncategorized,SvePotrebno,VPLG72,DIOPTRIJSKI OKVIR PLAVA 0T31 M,dioptrijski-okvir-plava-0t31-m-1
DIOPTRIJSKI OKVIR,POLICE,,Četvrtasti,CRNA 0700,M,Acetat,150,52,46,18,145,137,VPLP515,Uncategorized,SvePotrebno,VPLP515,DIOPTRIJSKI OKVIR CRNA 0700 M,dioptrijski-okvir-crna-0700-m-1
DIOPTRIJSKI OKVIR,POLICE,,Četvrtasti,CRNA 0700,M,Acetat,150,52,46,18,145,137,VPLP515-1,Uncategorized,SvePotrebno,VPLP515,DIOPTRIJSKI OKVIR CRNA 0700 M,dioptrijski-okvir-crna-0700-m-2
DIOPTRIJSKI OKVIR,POLICE,,Četvrtasti,"CRNA 0700,PLAVA AGQM",L,Acetat,145,55,44,17,145,143,VPLG77,Uncategorized,SvePotrebno,VPLG77,"DIOPTRIJSKI OKVIR CRNA 0700,PLAVA AGQM L",dioptrijski-okvir-crna-0700plava-agqm-l
DIOPTRIJSKI OKVIR,POLICE,,Četvrtasti,CRNA 0700,L,Acetat,145,55,44,17,145,143,VPLG77-1,Uncategorized,SvePotrebno,VPLG77,DIOPTRIJSKI OKVIR CRNA 0700 L,dioptrijski-okvir-crna-0700-l-2
DIOPTRIJSKI OKVIR,POLICE,,Četvrtasti,PLAVA AGQM,L,Acetat,145,55,44,17,145,143,VPLG77-2,Uncategorized,SvePotrebno,VPLG77,DIOPTRIJSKI OKVIR PLAVA AGQM L,dioptrijski-okvir-plava-agqm-l
DIOPTRIJSKI OKVIR,POLICE,,Četvrtasti,"CRNA 0Z42,CRNA MAT 0U28,CRNA 0U28","L,M",Plastika,115,55,44,19,145,145,VPLL62,Uncategorized,SvePotrebno,VPLL62,"DIOPTRIJSKI OKVIR CRNA 0Z42,CRNA MAT 0U28,CRNA 0U28 L,M",dioptrijski-okvir-crna-0z42crna-mat-0u28crna-0u28-lm
DIOPTRIJSKI OKVIR,POLICE,,Četvrtasti,CRNA 0Z42,L,Plastika,115,55,44,19,145,145,VPLL62-1,Uncategorized,SvePotrebno,VPLL62,DIOPTRIJSKI OKVIR CRNA 0Z42 L,dioptrijski-okvir-crna-0z42-l
DIOPTRIJSKI OKVIR,POLICE,,Četvrtasti,CRNA MAT 0U28,M,Plastika,115,52,40,18,145,137,VPLL62-2,Uncategorized,SvePotrebno,VPLL62,DIOPTRIJSKI OKVIR CRNA MAT 0U28 M,dioptrijski-okvir-crna-mat-0u28-m
DIOPTRIJSKI OKVIR,POLICE,,Četvrtasti,CRNA 0Z42,M,Plastika,115,52,40,18,145,137,VPLL62-3,Uncategorized,SvePotrebno,VPLL62,DIOPTRIJSKI OKVIR CRNA 0Z42 M,dioptrijski-okvir-crna-0z42-m
DIOPTRIJSKI OKVIR,POLICE,,Četvrtasti,CRNA 0U28,L,Plastika,115,55,44,19,145,145,VPLL62-4,Uncategorized,SvePotrebno,VPLL62,DIOPTRIJSKI OKVIR CRNA 0U28 L,dioptrijski-okvir-crna-0u28-l
DIOPTRIJSKI OKVIR,POLICE,,Četvrtasti,CRNA 0700,M,Acetat,110,54,38,16,145,135,VPLN82,Uncategorized,SvePotrebno,VPLN82,DIOPTRIJSKI OKVIR CRNA 0700 M,dioptrijski-okvir-crna-0700-m-3
DIOPTRIJSKI OKVIR,POLICE,,Četvrtasti,CRNA 0700,M,Acetat,110,54,38,16,145,135,VPLN82-1,Uncategorized,SvePotrebno,VPLN82,DIOPTRIJSKI OKVIR CRNA 0700 M,dioptrijski-okvir-crna-0700-m-4
DIOPTRIJSKI OKVIR+CLIP ON 2,POLICE,,Četvrtasti,CRNA 531P,M,Metal,108,54,42,17,145,140,VFI530,Uncategorized,SvePotrebno,VFI530,DIOPTRIJSKI OKVIR+CLIP ON 2 CRNA 531P M,dioptrijski-okvirclip-on-2-crna-531p-m
DIOPTRIJSKI OKVIR+CLIP ON 2,POLICE,,Četvrtasti,CRNA 531P,M,Metal,108,54,42,17,145,140,VFI530-1,Uncategorized,SvePotrebno,VFI530,DIOPTRIJSKI OKVIR+CLIP ON 2 CRNA 531P M,dioptrijski-okvirclip-on-2-crna-531p-m-1
DIOPTRIJSKI OKVIR+CLIP ON,POLICE,,Četvrtasti,"GUN METAL K59P,CRNA/ZLATNA 302P",M,Metal,165,54,42,19,145,140,UPLP10,Uncategorized,SvePotrebno,UPLP10,"DIOPTRIJSKI OKVIR+CLIP ON GUN METAL K59P,CRNA/ZLATNA 302P M",dioptrijski-okvirclip-on-gun-metal-k59pcrna-zlatna-302p-m
DIOPTRIJSKI OKVIR+CLIP ON,POLICE,,Četvrtasti,GUN METAL K59P,M,Metal,165,54,42,19,145,140,UPLP10-1,Uncategorized,SvePotrebno,UPLP10,DIOPTRIJSKI OKVIR+CLIP ON GUN METAL K59P M,dioptrijski-okvirclip-on-gun-metal-k59p-m
DIOPTRIJSKI OKVIR+CLIP ON,POLICE,,Četvrtasti,CRNA/ZLATNA 302P,M,Metal,165,54,42,19,145,140,UPLP10-2,Uncategorized,SvePotrebno,UPLP10,DIOPTRIJSKI OKVIR+CLIP ON CRNA/ZLATNA 302P M,dioptrijski-okvirclip-on-crna-zlatna-302p-m
DIOPTRIJSKI OKVIR+CLIP ON,POLICE,,Četvrtasti,"PLAVA R22P,CRNA Z42P",M,Plastika,150,54,44,15,145,135,UPLP09,Uncategorized,SvePotrebno,UPLP09,"DIOPTRIJSKI OKVIR+CLIP ON PLAVA R22P,CRNA Z42P M",dioptrijski-okvirclip-on-plava-r22pcrna-z42p-m
DIOPTRIJSKI OKVIR+CLIP ON,POLICE,,Četvrtasti,PLAVA R22P,M,Plastika,150,54,44,15,145,135,UPLP09-1,Uncategorized,SvePotrebno,UPLP09,DIOPTRIJSKI OKVIR+CLIP ON PLAVA R22P M,dioptrijski-okvirclip-on-plava-r22p-m
DIOPTRIJSKI OKVIR+CLIP ON,POLICE,,Nepravilan,CRNA Z42P,M,Plastika,150,54,43,15,145,135,UPLP09-2,Uncategorized,SvePotrebno,UPLP09,DIOPTRIJSKI OKVIR+CLIP ON CRNA Z42P M,dioptrijski-okvirclip-on-crna-z42p-m
DIOPTRIJSKI OKVIR+CLIP ON,POLICE,,Četvrtasti,PLAVA ABIP,M,Plastika,150,54,41,19,145,137,UPLL74,Uncategorized,SvePotrebno,UPLL74,DIOPTRIJSKI OKVIR+CLIP ON PLAVA ABIP M,dioptrijski-okvirclip-on-plava-abip-m
DIOPTRIJSKI OKVIR+CLIP ON,POLICE,,Četvrtasti,PLAVA ABIP,M,Plastika,150,54,41,19,145,137,UPLL74-1,Uncategorized,SvePotrebno,UPLL74,DIOPTRIJSKI OKVIR+CLIP ON PLAVA ABIP M,dioptrijski-okvirclip-on-plava-abip-m-1
DIOPTRIJSKI OKVIR+CLIP ON,POLICE,,Okrugao,CRNA U28P,M,Plastika,105,48,46,19,135,132,UK137,Uncategorized,SvePotrebno,UK137,DIOPTRIJSKI OKVIR+CLIP ON CRNA U28P M,dioptrijski-okvirclip-on-crna-u28p-m
DIOPTRIJSKI OKVIR+CLIP ON,POLICE,,Okrugao,CRNA U28P,M,Plastika,105,48,46,19,135,132,UK137-1,Uncategorized,SvePotrebno,UK137,DIOPTRIJSKI OKVIR+CLIP ON CRNA U28P M,dioptrijski-okvirclip-on-crna-u28p-m-1
DIOPTRIJSKI OKVIR+CLIP ON,POLICE,,Četvrtasti,CRNA MAT I41P,M,Plastika,105,50,42,19,135,137,UK136,Uncategorized,SvePotrebno,UK136,DIOPTRIJSKI OKVIR+CLIP ON CRNA MAT I41P M,dioptrijski-okvirclip-on-crna-mat-i41p-m
DIOPTRIJSKI OKVIR+CLIP ON,POLICE,,Četvrtasti,CRNA MAT I41P,M,Plastika,105,50,42,19,135,137,UK136-1,Uncategorized,SvePotrebno,UK136,DIOPTRIJSKI OKVIR+CLIP ON CRNA MAT I41P M,dioptrijski-okvirclip-on-crna-mat-i41p-m-1
DIOPTRIJSKI OKVIR+CLIP ON,POLICE,,Četvrtasti,CRNA 028P,M,Plastika,140,54,45,17,145,137,UPLL75,Uncategorized,SvePotrebno,UPLL75,DIOPTRIJSKI OKVIR+CLIP ON CRNA 028P M,dioptrijski-okvirclip-on-crna-028p-m
DIOPTRIJSKI OKVIR+CLIP ON,POLICE,,Četvrtasti,CRNA 028P,M,Plastika,140,54,45,17,145,137,UPLL75-1,Uncategorized,SvePotrebno,UPLL75,DIOPTRIJSKI OKVIR+CLIP ON CRNA 028P M,dioptrijski-okvirclip-on-crna-028p-m-1
DIOPTRIJSKI OKVIR+CLIP ON,FILA,,Četvrtasti,"CRNA U28P,SMEĐA 878P",M,Plastika,108,55,42,15,145,137,UFI536,Uncategorized,SvePotrebno,UFI536,"DIOPTRIJSKI OKVIR+CLIP ON CRNA U28P,SMEĐA 878P M",dioptrijski-okvirclip-on-crna-u28psmeda-878p-m
DIOPTRIJSKI OKVIR+CLIP ON,FILA,,Četvrtasti,CRNA U28P,M,Plastika,108,55,42,15,145,137,UFI536-1,Uncategorized,SvePotrebno,UFI536,DIOPTRIJSKI OKVIR+CLIP ON CRNA U28P M,dioptrijski-okvirclip-on-crna-u28p-m-2
DIOPTRIJSKI OKVIR+CLIP ON,FILA,,Četvrtasti,SMEĐA 878P,M,Plastika,108,55,42,15,145,137,UFI536-2,Uncategorized,SvePotrebno,UFI536,DIOPTRIJSKI OKVIR+CLIP ON SMEĐA 878P M,dioptrijski-okvirclip-on-smeda-878p-m
DIOPTRIJSKI OKVIR,YALEA,,Nepravilan,"HAVANA BEIGE 07UX,RED/HAVANA 0XAP","M,S",Acetat,135,54,43,16,140,135,VYA117,Uncategorized,SvePotrebno,VYA117,"DIOPTRIJSKI OKVIR HAVANA BEIGE 07UX,RED/HAVANA 0XAP M,S",dioptrijski-okvir-havana-beige-07uxred-havana-0xap-ms
DIOPTRIJSKI OKVIR,YALEA,,Nepravilan,HAVANA BEIGE 07UX,M,Acetat,135,54,43,16,140,135,VYA117-1,Uncategorized,SvePotrebno,VYA117,DIOPTRIJSKI OKVIR HAVANA BEIGE 07UX M,dioptrijski-okvir-havana-beige-07ux-m
DIOPTRIJSKI OKVIR,YALEA,,Nepravilan,RED/HAVANA 0XAP,S,Acetat,145,51,42,16,135,127,VYA117-2,Uncategorized,SvePotrebno,VYA117,DIOPTRIJSKI OKVIR RED/HAVANA 0XAP S,dioptrijski-okvir-red-havana-0xap-s
DIOPTRIJSKI OKVIR,YALEA,,Okrugao,BROWN FANTASY 0XAP,M,Acetat,135,52,46,18,140,135,VYA116,Uncategorized,SvePotrebno,VYA116,DIOPTRIJSKI OKVIR BROWN FANTASY 0XAP M,dioptrijski-okvir-brown-fantasy-0xap-m
DIOPTRIJSKI OKVIR,YALEA,,Okrugao,BROWN FANTASY 0XAP,M,Acetat,135,52,46,18,140,135,VYA116-1,Uncategorized,SvePotrebno,VYA116,DIOPTRIJSKI OKVIR BROWN FANTASY 0XAP M,dioptrijski-okvir-brown-fantasy-0xap-m-1
DIOPTRIJSKI OKVIR,YALEA,,Nepravilan,"DARK HAVANA,CRNA 0GBE","M,S",Acetat,135,52,49,19,140,133,VYA159V,Uncategorized,SvePotrebno,VYA159V,"DIOPTRIJSKI OKVIR DARK HAVANA,CRNA 0GBE M,S",dioptrijski-okvir-dark-havanacrna-0gbe-ms
DIOPTRIJSKI OKVIR,YALEA,,Nepravilan,DARK HAVANA,M,Acetat,135,52,49,19,140,133,VYA159V-1,Uncategorized,SvePotrebno,VYA159V,DIOPTRIJSKI OKVIR DARK HAVANA M,dioptrijski-okvir-dark-havana-m
DIOPTRIJSKI OKVIR,YALEA,,Nepravilan,DARK HAVANA,S,Acetat,135,50,47,19,135,137,VYA159V-2,Uncategorized,SvePotrebno,VYA159V,DIOPTRIJSKI OKVIR DARK HAVANA S,dioptrijski-okvir-dark-havana-s
DIOPTRIJSKI OKVIR,YALEA,,Nepravilan,CRNA 0GBE,M,Acetat,115,54,51,16,140,138,VYA159V-3,Uncategorized,SvePotrebno,VYA159V,DIOPTRIJSKI OKVIR CRNA 0GBE M,dioptrijski-okvir-crna-0gbe-m
DIOPTRIJSKI OKVIR,YALEA,,Nepravilan,SHINY DARK GREEN 06WT,M,Acetat,145,54,48,18,140,135,VYA160,Uncategorized,SvePotrebno,VYA160,DIOPTRIJSKI OKVIR SHINY DARK GREEN 06WT M,dioptrijski-okvir-shiny-dark-green-06wt-m
DIOPTRIJSKI OKVIR,YALEA,,Nepravilan,SHINY DARK GREEN 06WT,M,Acetat,145,54,48,18,140,135,VYA160-1,Uncategorized,SvePotrebno,VYA160,DIOPTRIJSKI OKVIR SHINY DARK GREEN 06WT M,dioptrijski-okvir-shiny-dark-green-06wt-m-1
DIOPTRIJSKI OKVIR,YALEA,,Nepravilan,"SHINY FULL GREEN 0D80,CRNA 0700",M,Acetat,145,54,46,16,140,137,VYA132,Uncategorized,SvePotrebno,VYA132,"DIOPTRIJSKI OKVIR SHINY FULL GREEN 0D80,CRNA 0700 M",dioptrijski-okvir-shiny-full-green-0d80crna-0700-m
DIOPTRIJSKI OKVIR,YALEA,,Nepravilan,SHINY FULL GREEN 0D80,M,Acetat,145,54,46,16,140,137,VYA132-1,Uncategorized,SvePotrebno,VYA132,DIOPTRIJSKI OKVIR SHINY FULL GREEN 0D80 M,dioptrijski-okvir-shiny-full-green-0d80-m
DIOPTRIJSKI OKVIR,YALEA,,Nepravilan,CRNA 0700,M,Acetat,145,54,46,16,140,137,VYA132-2,Uncategorized,SvePotrebno,VYA132,DIOPTRIJSKI OKVIR CRNA 0700 M,dioptrijski-okvir-crna-0700-m-5
DIOPTRIJSKI OKVIR,YALEA,,Nepravilan,BROWN/WHITE HAVANA,M,Acetat,145,54,47,17,140,138,VYA162,Uncategorized,SvePotrebno,VYA162,DIOPTRIJSKI OKVIR BROWN/WHITE HAVANA M,dioptrijski-okvir-brown-white-havana-m
DIOPTRIJSKI OKVIR,YALEA,,Nepravilan,BROWN/WHITE HAVANA,M,Acetat,145,54,47,17,140,138,VYA162-1,Uncategorized,SvePotrebno,VYA162,DIOPTRIJSKI OKVIR BROWN/WHITE HAVANA M,dioptrijski-okvir-brown-white-havana-m-1
DIOPTRIJSKI OKVIR,POLICE,,Četvrtasti,"DARK/LIGHT GREEN 0Z48,CRNA 0700,PLAVA/SMEĐA 01BA",M,Acetat,80,50,41,16,135,130,VK142,Uncategorized,SvePotrebno,VK142,"DIOPTRIJSKI OKVIR DARK/LIGHT GREEN 0Z48,CRNA 0700,PLAVA/SMEĐA 01BA M",dioptrijski-okvir-dark-light-green-0z48crna-0700plava-smeda-01ba-m
DIOPTRIJSKI OKVIR,POLICE,,Četvrtasti,DARK/LIGHT GREEN 0Z48,M,Acetat,80,50,41,16,135,130,VK142-1,Uncategorized,SvePotrebno,VK142,DIOPTRIJSKI OKVIR DARK/LIGHT GREEN 0Z48 M,dioptrijski-okvir-dark-light-green-0z48-m
DIOPTRIJSKI OKVIR,POLICE,,Četvrtasti,CRNA 0700,M,Acetat,80,50,41,16,135,130,VK142-2,Uncategorized,SvePotrebno,VK142,DIOPTRIJSKI OKVIR CRNA 0700 M,dioptrijski-okvir-crna-0700-m-6
DIOPTRIJSKI OKVIR,POLICE,,Četvrtasti,PLAVA/SMEĐA 01BA,M,Acetat,80,50,41,16,135,130,VK142-3,Uncategorized,SvePotrebno,VK142,DIOPTRIJSKI OKVIR PLAVA/SMEĐA 01BA M,dioptrijski-okvir-plava-smeda-01ba-m
DIOPTRIJSKI OKVIR,POLICE,,Četvrtasti,"MAT CRNA 028K,MAT PLAVA 0U43,MAT TAMNO/SVJETLO PLAVA D36M",M,Plastika,80,49,42,18,140,130,VK147,Uncategorized,SvePotrebno,VK147,"DIOPTRIJSKI OKVIR MAT CRNA 028K,MAT PLAVA 0U43,MAT TAMNO/SVJETLO PLAVA D36M M",dioptrijski-okvir-mat-crna-028kmat-plava-0u43mat-tamno-svjetlo-plava-d36m-m
DIOPTRIJSKI OKVIR,POLICE,,Četvrtasti,MAT CRNA 028K,M,Plastika,80,49,42,18,140,130,VK147-1,Uncategorized,SvePotrebno,VK147,DIOPTRIJSKI OKVIR MAT CRNA 028K M,dioptrijski-okvir-mat-crna-028k-m
DIOPTRIJSKI OKVIR,POLICE,,Četvrtasti,MAT PLAVA 0U43,M,Plastika,80,49,42,18,140,130,VK147-2,Uncategorized,SvePotrebno,VK147,DIOPTRIJSKI OKVIR MAT PLAVA 0U43 M,dioptrijski-okvir-mat-plava-0u43-m
DIOPTRIJSKI OKVIR,POLICE,,Četvrtasti,MAT TAMNO/SVJETLO PLAVA D36M,M,Plastika,80,49,42,18,140,130,VK147-3,Uncategorized,SvePotrebno,VK147,DIOPTRIJSKI OKVIR MAT TAMNO/SVJETLO PLAVA D36M M,dioptrijski-okvir-mat-tamno-svjetlo-plava-d36m-m
DIOPTRIJSKI OKVIR,POLICE,,Ovalni,MAT PLAVA V15M,S,Plastika,80,48,42,17,140,128,VK146,Uncategorized,SvePotrebno,VK146,DIOPTRIJSKI OKVIR MAT PLAVA V15M S,dioptrijski-okvir-mat-plava-v15m-s
DIOPTRIJSKI OKVIR,POLICE,,Ovalni,MAT PLAVA V15M,S,Plastika,80,48,42,17,140,128,VK146-1,Uncategorized,SvePotrebno,VK146,DIOPTRIJSKI OKVIR MAT PLAVA V15M S,dioptrijski-okvir-mat-plava-v15m-s-1
DIOPTRIJSKI OKVIR,POLICE,,Četvrtasti,SJAJNA PLAVA 09DD,S,Acetat,80,49,38,16,135,128,VK140,Uncategorized,SvePotrebno,VK140,DIOPTRIJSKI OKVIR SJAJNA PLAVA 09DD S,dioptrijski-okvir-sjajna-plava-09dd-s
DIOPTRIJSKI OKVIR,POLICE,,Četvrtasti,SJAJNA PLAVA 09DD,S,Acetat,80,49,38,16,135,128,VK140-1,Uncategorized,SvePotrebno,VK140,DIOPTRIJSKI OKVIR SJAJNA PLAVA 09DD S,dioptrijski-okvir-sjajna-plava-09dd-s-1
DIOPTRIJSKI OKVIR,POLICE,,Četvrtasti,"CRNA 0Z42,PLAVA 7RRM",M,Plastika,80,52,39,15,135,133,VK128,Uncategorized,SvePotrebno,VK128,"DIOPTRIJSKI OKVIR CRNA 0Z42,PLAVA 7RRM M",dioptrijski-okvir-crna-0z42plava-7rrm-m
DIOPTRIJSKI OKVIR,POLICE,,Četvrtasti,CRNA 0Z42,M,Plastika,80,52,39,15,135,133,VK128-1,Uncategorized,SvePotrebno,VK128,DIOPTRIJSKI OKVIR CRNA 0Z42 M,dioptrijski-okvir-crna-0z42-m-1
DIOPTRIJSKI OKVIR,POLICE,,Četvrtasti,PLAVA 7RRM,M,Plastika,80,52,39,15,135,133,VK128-2,Uncategorized,SvePotrebno,VK128,DIOPTRIJSKI OKVIR PLAVA 7RRM M,dioptrijski-okvir-plava-7rrm-m
DIOPTRIJSKI OKVIR+CLIP ON,POLICE,,Četvrtasti,"MAT PLAVA 7FSP,MAT CRNA U28P",M,Plastika,105,50,41,16,135,130,UK143,Uncategorized,SvePotrebno,UK143,"DIOPTRIJSKI OKVIR+CLIP ON MAT PLAVA 7FSP,MAT CRNA U28P M",dioptrijski-okvirclip-on-mat-plava-7fspmat-crna-u28p-m
DIOPTRIJSKI OKVIR+CLIP ON,POLICE,,Četvrtasti,MAT PLAVA 7FSP,M,Plastika,105,50,41,16,135,130,UK143-1,Uncategorized,SvePotrebno,UK143,DIOPTRIJSKI OKVIR+CLIP ON MAT PLAVA 7FSP M,dioptrijski-okvirclip-on-mat-plava-7fsp-m
DIOPTRIJSKI OKVIR+CLIP ON,POLICE,,Četvrtasti,MAT CRNA U28P,M,Plastika,105,50,41,16,135,130,UK143-2,Uncategorized,SvePotrebno,UK143,DIOPTRIJSKI OKVIR+CLIP ON MAT CRNA U28P M,dioptrijski-okvirclip-on-mat-crna-u28p-m
DIOPTRIJSKI OKVIR,POLICE,,Okrugao,SJAJ CRNA 1DYK,M,Acetat,90,49,45,18,135,130,VK098,Uncategorized,SvePotrebno,VK098,DIOPTRIJSKI OKVIR SJAJ CRNA 1DYK M,dioptrijski-okvir-sjaj-crna-1dyk-m
DIOPTRIJSKI OKVIR,POLICE,,Okrugao,SJAJ CRNA 1DYK,M,Acetat,90,49,45,18,135,130,VK098-1,Uncategorized,SvePotrebno,VK098,DIOPTRIJSKI OKVIR SJAJ CRNA 1DYK M,dioptrijski-okvir-sjaj-crna-1dyk-m-1
DIOPTRIJSKI OKVIR,POLICE,,Četvrtasti,"TRANSP.GREY 03GU,TRANSP.PLAVA 0AGQ",M,Acetat,80,50,45,16,135,132,VK144,Uncategorized,SvePotrebno,VK144,"DIOPTRIJSKI OKVIR TRANSP.GREY 03GU,TRANSP.PLAVA 0AGQ M",dioptrijski-okvir-transpgrey-03gutranspplava-0agq-m
DIOPTRIJSKI OKVIR,POLICE,,Četvrtasti,TRANSP.GREY 03GU,M,Acetat,80,50,45,16,135,132,VK144-1,Uncategorized,SvePotrebno,VK144,DIOPTRIJSKI OKVIR TRANSP.GREY 03GU M,dioptrijski-okvir-transpgrey-03gu-m
DIOPTRIJSKI OKVIR,POLICE,,Četvrtasti,TRANSP.PLAVA 0AGQ,M,Acetat,80,50,45,16,135,132,VK144-2,Uncategorized,SvePotrebno,VK144,DIOPTRIJSKI OKVIR TRANSP.PLAVA 0AGQ M,dioptrijski-okvir-transpplava-0agq-m
DIOPTRIJSKI OKVIR,POLICE,,Četvrtasti,AZUR GREY 06QL,M,Acetat,80,49,44,18,135,132,VK138,Uncategorized,SvePotrebno,VK138,DIOPTRIJSKI OKVIR AZUR GREY 06QL M,dioptrijski-okvir-azur-grey-06ql-m
DIOPTRIJSKI OKVIR,POLICE,,Četvrtasti,AZUR GREY 06QL,M,Acetat,80,49,44,18,135,132,VK138-1,Uncategorized,SvePotrebno,VK138,DIOPTRIJSKI OKVIR AZUR GREY 06QL M,dioptrijski-okvir-azur-grey-06ql-m-1
DIOPTRIJSKI OKVIR,YALEA,,Nepravilan,SHINY BLACK 700S,M,Acetat,150,54,47,17,140,139,VYA162S,Uncategorized,SvePotrebno,VYA162S,DIOPTRIJSKI OKVIR SHINY BLACK 700S M,dioptrijski-okvir-shiny-black-700s-m
DIOPTRIJSKI OKVIR,YALEA,,Nepravilan,SHINY BLACK 700S,M,Acetat,150,54,47,17,140,139,VYA162S-1,Uncategorized,SvePotrebno,VYA162S,DIOPTRIJSKI OKVIR SHINY BLACK 700S M,dioptrijski-okvir-shiny-black-700s-m-1
DIOPTRIJSKI OKVIR,YALEA,,Nepravilan,SHINY ASPHALT GREY 04AL,M,Acetat,145,54,48,16,140,137,VYA161,Uncategorized,SvePotrebno,VYA161,DIOPTRIJSKI OKVIR SHINY ASPHALT GREY 04AL M,dioptrijski-okvir-shiny-asphalt-grey-04al-m
DIOPTRIJSKI OKVIR,YALEA,,Nepravilan,SHINY ASPHALT GREY 04AL,M,Acetat,145,54,48,16,140,137,VYA161-1,Uncategorized,SvePotrebno,VYA161,DIOPTRIJSKI OKVIR SHINY ASPHALT GREY 04AL M,dioptrijski-okvir-shiny-asphalt-grey-04al-m-1
DIOPTRIJSKI OKVIR,YALEA,,Nepravilan,TRANSP.CIKLAMA 01BV,M,Acetat,135,53,47,15,140,135,VYA129,Uncategorized,SvePotrebno,VYA129,DIOPTRIJSKI OKVIR TRANSP.CIKLAMA 01BV M,dioptrijski-okvir-transpciklama-01bv-m
DIOPTRIJSKI OKVIR,YALEA,,Nepravilan,TRANSP.CIKLAMA 01BV,M,Acetat,135,53,47,15,140,135,VYA129-1,Uncategorized,SvePotrebno,VYA129,DIOPTRIJSKI OKVIR TRANSP.CIKLAMA 01BV M,dioptrijski-okvir-transpciklama-01bv-m-1
DIOPTRIJSKI OKVIR,YALEA,,Nepravilan,"BROWN FANTASY 0XAP,TRANSP.PLAVA 06NA",M,Acetat,150,52,48,17,140,138,VYA128V,Uncategorized,SvePotrebno,VYA128V,"DIOPTRIJSKI OKVIR BROWN FANTASY 0XAP,TRANSP.PLAVA 06NA M",dioptrijski-okvir-brown-fantasy-0xaptranspplava-06na-m
DIOPTRIJSKI OKVIR,YALEA,,Nepravilan,BROWN FANTASY 0XAP,M,Acetat,150,52,48,17,140,138,VYA128V-1,Uncategorized,SvePotrebno,VYA128V,DIOPTRIJSKI OKVIR BROWN FANTASY 0XAP M,dioptrijski-okvir-brown-fantasy-0xap-m-2
DIOPTRIJSKI OKVIR,YALEA,,Nepravilan,TRANSP.PLAVA 06NA,M,Acetat,150,52,48,17,140,138,VYA128V-2,Uncategorized,SvePotrebno,VYA128V,DIOPTRIJSKI OKVIR TRANSP.PLAVA 06NA M,dioptrijski-okvir-transpplava-06na-m
DIOPTRIJSKI OKVIR,POLICE,,Cat Eye,TAMNO ZELENA 06WT,M,Acetat,150,54,46,18,140,138,VPLM04V,Uncategorized,SvePotrebno,VPLM04V,DIOPTRIJSKI OKVIR TAMNO ZELENA 06WT M,dioptrijski-okvir-tamno-zelena-06wt-m
DIOPTRIJSKI OKVIR,POLICE,,Cat Eye,TAMNO ZELENA 06WT,M,Acetat,150,54,46,18,140,138,VPLM04V-1,Uncategorized,SvePotrebno,VPLM04V,DIOPTRIJSKI OKVIR TAMNO ZELENA 06WT M,dioptrijski-okvir-tamno-zelena-06wt-m-1
DIOPTRIJSKI OKVIR,BLUMARINE,,Nepravilan,TRANSPARENTNA 04GO,M,Acetat,175,54,48,16,140,140,VBM878,Uncategorized,SvePotrebno,VBM878,DIOPTRIJSKI OKVIR TRANSPARENTNA 04GO M,dioptrijski-okvir-transparentna-04go-m
DIOPTRIJSKI OKVIR,BLUMARINE,,Nepravilan,TRANSPARENTNA 04GO,M,Acetat,175,54,48,16,140,140,VBM878-1,Uncategorized,SvePotrebno,VBM878,DIOPTRIJSKI OKVIR TRANSPARENTNA 04GO M,dioptrijski-okvir-transparentna-04go-m-1
DIOPTRIJSKI OKVIR,TWINSET,,Nepravilan,CRNA 0700,M,Acetat,140,53,50,17,140,138,VTW053,Uncategorized,SvePotrebno,VTW053,DIOPTRIJSKI OKVIR CRNA 0700 M,dioptrijski-okvir-crna-0700-m-7
DIOPTRIJSKI OKVIR,TWINSET,,Nepravilan,CRNA 0700,M,Acetat,140,53,50,17,140,138,VTW053-1,Uncategorized,SvePotrebno,VTW053,DIOPTRIJSKI OKVIR CRNA 0700 M,dioptrijski-okvir-crna-0700-m-8
DIOPTRIJSKI OKVIR,TWINSET,,Nepravilan,TRANSP.SIVA 098Z,M,Acetat,130,54,45,16,135,140,VTW031,Uncategorized,SvePotrebno,VTW031,DIOPTRIJSKI OKVIR TRANSP.SIVA 098Z M,dioptrijski-okvir-transpsiva-098z-m
DIOPTRIJSKI OKVIR,TWINSET,,Nepravilan,TRANSP.SIVA 098Z,M,Acetat,130,54,45,16,135,140,VTW031-1,Uncategorized,SvePotrebno,VTW031,DIOPTRIJSKI OKVIR TRANSP.SIVA 098Z M,dioptrijski-okvir-transpsiva-098z-m-1
DIOPTRIJSKI OKVIR,ESCADA,,Nepravilan,DARK HAVANA,M,Acetat,190,55,46,16,140,138,VESE33,Uncategorized,SvePotrebno,VESE33,DIOPTRIJSKI OKVIR DARK HAVANA M,dioptrijski-okvir-dark-havana-m-1
DIOPTRIJSKI OKVIR,ESCADA,,Nepravilan,DARK HAVANA,M,Acetat,190,55,46,16,140,138,VESE33-1,Uncategorized,SvePotrebno,VESE33,DIOPTRIJSKI OKVIR DARK HAVANA M,dioptrijski-okvir-dark-havana-m-2
DIOPTRIJSKI OKVIR,ESCADA,,Nepravilan,SHINY BLUE 0AGQ,M,Acetat,155,54,46,16,140,135,VESE31,Uncategorized,SvePotrebno,VESE31,DIOPTRIJSKI OKVIR SHINY BLUE 0AGQ M,dioptrijski-okvir-shiny-blue-0agq-m
DIOPTRIJSKI OKVIR,ESCADA,,Nepravilan,SHINY BLUE 0AGQ,M,Acetat,155,54,46,16,140,135,VESE31-1,Uncategorized,SvePotrebno,VESE31,DIOPTRIJSKI OKVIR SHINY BLUE 0AGQ M,dioptrijski-okvir-shiny-blue-0agq-m-1
DIOPTRIJSKI OKVIR,ESCADA,,Nepravilan,GOLD 033M,M,Metal,175,54,48,16,140,135,VESE39,Uncategorized,SvePotrebno,VESE39,DIOPTRIJSKI OKVIR GOLD 033M M,dioptrijski-okvir-gold-033m-m
DIOPTRIJSKI OKVIR,ESCADA,,Nepravilan,GOLD 033M,M,Metal,175,54,48,16,140,135,VESE39-1,Uncategorized,SvePotrebno,VESE39,DIOPTRIJSKI OKVIR GOLD 033M M,dioptrijski-okvir-gold-033m-m-1
DIOPTRIJSKI OKVIR,ESCADA,,Nepravilan,"CRNA 0700,BORDO 0AR3",M,Acetat,175,55,50,16,140,137,VESE78,Uncategorized,SvePotrebno,VESE78,"DIOPTRIJSKI OKVIR CRNA 0700,BORDO 0AR3 M",dioptrijski-okvir-crna-0700bordo-0ar3-m
DIOPTRIJSKI OKVIR,ESCADA,,Nepravilan,CRNA 0700,M,Acetat,175,55,50,16,140,137,VESE78-1,Uncategorized,SvePotrebno,VESE78,DIOPTRIJSKI OKVIR CRNA 0700 M,dioptrijski-okvir-crna-0700-m-9
DIOPTRIJSKI OKVIR,ESCADA,,Nepravilan,BORDO 0AR3,M,Acetat,175,55,50,16,140,138,VESE78-2,Uncategorized,SvePotrebno,VESE78,DIOPTRIJSKI OKVIR BORDO 0AR3 M,dioptrijski-okvir-bordo-0ar3-m
DIOPTRIJSKI OKVIR,ESCADA,,Nepravilan,"CRNA 0700,STRIPED BROWN/PINK 0VBL","M,S",Acetat,175,54,43,16,135,137,VESE73,Uncategorized,SvePotrebno,VESE73,"DIOPTRIJSKI OKVIR CRNA 0700,STRIPED BROWN/PINK 0VBL M,S",dioptrijski-okvir-crna-0700striped-brown-pink-0vbl-ms
DIOPTRIJSKI OKVIR,ESCADA,,Nepravilan,CRNA 0700,M,Acetat,175,54,43,16,135,137,VESE73-1,Uncategorized,SvePotrebno,VESE73,DIOPTRIJSKI OKVIR CRNA 0700 M,dioptrijski-okvir-crna-0700-m-10
DIOPTRIJSKI OKVIR,ESCADA,,Nepravilan,STRIPED BROWN/PINK 0VBL,S,Acetat,175,54,44,16,135,135,VESE73-2,Uncategorized,SvePotrebno,VESE73,DIOPTRIJSKI OKVIR STRIPED BROWN/PINK 0VBL S,dioptrijski-okvir-striped-brown-pink-0vbl-s
DIOPTRIJSKI OKVIR,ESCADA,,Nepravilan,TRANSP.LJUBIČASTA 0916,M,Acetat,190,54,48,18,140,140,VESE06,Uncategorized,SvePotrebno,VESE06,DIOPTRIJSKI OKVIR TRANSP.LJUBIČASTA 0916 M,dioptrijski-okvir-transpljubicasta-0916-m
DIOPTRIJSKI OKVIR,ESCADA,,Nepravilan,TRANSP.LJUBIČASTA 0916,M,Acetat,190,54,48,18,140,140,VESE06-1,Uncategorized,SvePotrebno,VESE06,DIOPTRIJSKI OKVIR TRANSP.LJUBIČASTA 0916 M,dioptrijski-okvir-transpljubicasta-0916-m-1
DIOPTRIJSKI OKVIR,NINA RICCI,,Cat Eye,HAVANA GRAD.HAVANA 0APE,M,Acetat,185,54,48,17,140,138,VNR415,Uncategorized,SvePotrebno,VNR415,DIOPTRIJSKI OKVIR HAVANA GRAD.HAVANA 0APE M,dioptrijski-okvir-havana-gradhavana-0ape-m
DIOPTRIJSKI OKVIR,NINA RICCI,,Cat Eye,HAVANA GRAD.HAVANA 0APE,M,Acetat,185,54,48,17,140,138,VNR415-1,Uncategorized,SvePotrebno,VNR415,DIOPTRIJSKI OKVIR HAVANA GRAD.HAVANA 0APE M,dioptrijski-okvir-havana-gradhavana-0ape-m-1
DIOPTRIJSKI OKVIR,NINA RICCI,,Nepravilan,SHINY DARK HAVANA 0722,M,Acetat,195,53,48,17,140,135,VNR350,Uncategorized,SvePotrebno,VNR350,DIOPTRIJSKI OKVIR SHINY DARK HAVANA 0722 M,dioptrijski-okvir-shiny-dark-havana-0722-m
DIOPTRIJSKI OKVIR,NINA RICCI,,Nepravilan,SHINY DARK HAVANA 0722,M,Acetat,195,53,48,17,140,135,VNR350-1,Uncategorized,SvePotrebno,VNR350,DIOPTRIJSKI OKVIR SHINY DARK HAVANA 0722 M,dioptrijski-okvir-shiny-dark-havana-0722-m-1
DIOPTRIJSKI OKVIR,NINA RICCI,,Nepravilan,SHINY BORDO 08LA,M,Acetat,175,53,49,17,135,137,VNR372,Uncategorized,SvePotrebno,VNR372,DIOPTRIJSKI OKVIR SHINY BORDO 08LA M,dioptrijski-okvir-shiny-bordo-08la-m
DIOPTRIJSKI OKVIR,NINA RICCI,,Nepravilan,SHINY BORDO 08LA,M,Acetat,175,53,49,17,135,137,VNR372-1,Uncategorized,SvePotrebno,VNR372,DIOPTRIJSKI OKVIR SHINY BORDO 08LA M,dioptrijski-okvir-shiny-bordo-08la-m-1
DIOPTRIJSKI OKVIR,FURLA,,Ovalni,SHINY BROWN HAVANA 0710,M,Acetat,160,53,47,17,140,135,VFU765,Uncategorized,SvePotrebno,VFU765,DIOPTRIJSKI OKVIR SHINY BROWN HAVANA 0710 M,dioptrijski-okvir-shiny-brown-havana-0710-m
DIOPTRIJSKI OKVIR,FURLA,,Ovalni,SHINY BROWN HAVANA 0710,M,Acetat,160,53,47,17,140,135,VFU765-1,Uncategorized,SvePotrebno,VFU765,DIOPTRIJSKI OKVIR SHINY BROWN HAVANA 0710 M,dioptrijski-okvir-shiny-brown-havana-0710-m-1
DIOPTRIJSKI OKVIR,FURLA,,Ovalni,HAVANA AZURE MULTICOLOR 0P61,M,Acetat,160,52,47,17,140,137,VFU832,Uncategorized,SvePotrebno,VFU832,DIOPTRIJSKI OKVIR HAVANA AZURE MULTICOLOR 0P61 M,dioptrijski-okvir-havana-azure-multicolor-0p61-m
DIOPTRIJSKI OKVIR,FURLA,,Ovalni,HAVANA AZURE MULTICOLOR 0P61,M,Acetat,160,52,47,17,140,137,VFU832-1,Uncategorized,SvePotrebno,VFU832,DIOPTRIJSKI OKVIR HAVANA AZURE MULTICOLOR 0P61 M,dioptrijski-okvir-havana-azure-multicolor-0p61-m-1
DIOPTRIJSKI OKVIR,FURLA,,Četvrtasti,CRNA 0700,M,Acetat,160,53,46,16,140,137,VFU768,Uncategorized,SvePotrebno,VFU768,DIOPTRIJSKI OKVIR CRNA 0700 M,dioptrijski-okvir-crna-0700-m-11
DIOPTRIJSKI OKVIR,FURLA,,Četvrtasti,CRNA 0700,M,Acetat,160,53,46,16,140,137,VFU768-1,Uncategorized,SvePotrebno,VFU768,DIOPTRIJSKI OKVIR CRNA 0700 M,dioptrijski-okvir-crna-0700-m-12
DIOPTRIJSKI OKVIR,FURLA,,Četvrtasti,SHINY LIGHT HAVANA 09WY,M,Acetat,160,55,45,15,135,137,VFU631,Uncategorized,SvePotrebno,VFU631,DIOPTRIJSKI OKVIR SHINY LIGHT HAVANA 09WY M,dioptrijski-okvir-shiny-light-havana-09wy-m
DIOPTRIJSKI OKVIR,FURLA,,Četvrtasti,SHINY LIGHT HAVANA 09WY,M,Acetat,160,55,45,15,135,137,VFU631-1,Uncategorized,SvePotrebno,VFU631,DIOPTRIJSKI OKVIR SHINY LIGHT HAVANA 09WY M,dioptrijski-okvir-shiny-light-havana-09wy-m-1
DIOPTRIJSKI OKVIR,FILA,,Četvrtasti,"PALLADIUM W 0583,PLAVA 08A3",S,Metal,90,51,37,17,135,130,VFI886L,Uncategorized,SvePotrebno,VFI886L,"DIOPTRIJSKI OKVIR PALLADIUM W 0583,PLAVA 08A3 S",dioptrijski-okvir-palladium-w-0583plava-08a3-s
DIOPTRIJSKI OKVIR,FILA,,Četvrtasti,PALLADIUM W 0583,S,Metal,90,51,37,17,135,130,VFI886L-1,Uncategorized,SvePotrebno,VFI886L,DIOPTRIJSKI OKVIR PALLADIUM W 0583 S,dioptrijski-okvir-palladium-w-0583-s
DIOPTRIJSKI OKVIR,FILA,,Četvrtasti,PLAVA 08A3,S,Metal,90,51,37,17,135,130,VFI886L-2,Uncategorized,SvePotrebno,VFI886L,DIOPTRIJSKI OKVIR PLAVA 08A3 S,dioptrijski-okvir-plava-08a3-s
DIOPTRIJSKI OKVIR,FILA,,Četvrtasti,MAT CRNA 0531,L,Metal,90,57,42,17,145,145,VFI878,Uncategorized,SvePotrebno,VFI878,DIOPTRIJSKI OKVIR MAT CRNA 0531 L,dioptrijski-okvir-mat-crna-0531-l
DIOPTRIJSKI OKVIR,FILA,,Četvrtasti,MAT CRNA 0531,L,Metal,90,57,42,17,145,145,VFI878-1,Uncategorized,SvePotrebno,VFI878,DIOPTRIJSKI OKVIR MAT CRNA 0531 L,dioptrijski-okvir-mat-crna-0531-l-1
DIOPTRIJSKI OKVIR,FILA,,Četvrtasti,MAT CRNA 0531,L,Metal,90,57,42,17,145,143,VFI711,Uncategorized,SvePotrebno,VFI711,DIOPTRIJSKI OKVIR MAT CRNA 0531 L,dioptrijski-okvir-mat-crna-0531-l-2
DIOPTRIJSKI OKVIR,FILA,,Četvrtasti,MAT CRNA 0531,L,Metal,90,57,42,17,145,143,VFI711-1,Uncategorized,SvePotrebno,VFI711,DIOPTRIJSKI OKVIR MAT CRNA 0531 L,dioptrijski-okvir-mat-crna-0531-l-3
DIOPTRIJSKI OKVIR,FILA,MEMORY BRIDGE,Četvrtasti,CRNA OQ46,M,Metal,90,56,39,16,145,138,VFI714,Uncategorized,SvePotrebno,VFI714,DIOPTRIJSKI OKVIR CRNA OQ46 M,dioptrijski-okvir-crna-oq46-m
DIOPTRIJSKI OKVIR,FILA,MEMORY BRIDGE,Četvrtasti,CRNA OQ46,M,Metal,90,56,39,16,145,138,VFI714-1,Uncategorized,SvePotrebno,VFI714,DIOPTRIJSKI OKVIR CRNA OQ46 M,dioptrijski-okvir-crna-oq46-m-1
DIOPTRIJSKI OKVIR,FILA,MEMORY BRIDGE,Četvrtasti,"PLAVA 0K53,GUN METAL 0627",M,Metal,90,57,42,15,145,140,VFI713,Uncategorized,SvePotrebno,VFI713,"DIOPTRIJSKI OKVIR PLAVA 0K53,GUN METAL 0627 M",dioptrijski-okvir-plava-0k53gun-metal-0627-m
DIOPTRIJSKI OKVIR,FILA,MEMORY BRIDGE,Četvrtasti,PLAVA 0K53,M,Metal,90,57,42,15,145,140,VFI713-1,Uncategorized,SvePotrebno,VFI713,DIOPTRIJSKI OKVIR PLAVA 0K53 M,dioptrijski-okvir-plava-0k53-m
DIOPTRIJSKI OKVIR,FILA,MEMORY BRIDGE,Četvrtasti,GUN METAL 0627,M,Metal,90,57,42,15,145,140,VFI713-2,Uncategorized,SvePotrebno,VFI713,DIOPTRIJSKI OKVIR GUN METAL 0627 M,dioptrijski-okvir-gun-metal-0627-m
DIOPTRIJSKI OKVIR,FILA,MEMORY BRIDGE,Četvrtasti,MAT CRNA 0531,S,Metal,90,52,35,16,135,130,VFI545L,Uncategorized,SvePotrebno,VFI545L,DIOPTRIJSKI OKVIR MAT CRNA 0531 S,dioptrijski-okvir-mat-crna-0531-s
DIOPTRIJSKI OKVIR,FILA,MEMORY BRIDGE,Četvrtasti,MAT CRNA 0531,S,Metal,90,52,35,16,135,130,VFI545L-1,Uncategorized,SvePotrebno,VFI545L,DIOPTRIJSKI OKVIR MAT CRNA 0531 S,dioptrijski-okvir-mat-crna-0531-s-1
DIOPTRIJSKI OKVIR,FILA,,Okrugao,"GUN METAL 08DR,PLAVA 0S72",M,Metal,90,50,47,21,140,134,VFI717,Uncategorized,SvePotrebno,VFI717,"DIOPTRIJSKI OKVIR GUN METAL 08DR,PLAVA 0S72 M",dioptrijski-okvir-gun-metal-08drplava-0s72-m
DIOPTRIJSKI OKVIR,FILA,,Okrugao,GUN METAL 08DR,M,Metal,90,50,47,21,140,134,VFI717-1,Uncategorized,SvePotrebno,VFI717,DIOPTRIJSKI OKVIR GUN METAL 08DR M,dioptrijski-okvir-gun-metal-08dr-m
DIOPTRIJSKI OKVIR,FILA,,Okrugao,PLAVA 0S72,M,Metal,90,50,47,21,140,134,VFI717-2,Uncategorized,SvePotrebno,VFI717,DIOPTRIJSKI OKVIR PLAVA 0S72 M,dioptrijski-okvir-plava-0s72-m
DIOPTRIJSKI OKVIR,FILA,,Četvrtasti,"GUN METAL 0627,SHINY PALLADIUM W0F94",M,Metal,90,54,45,19,145,138,VFI718,Uncategorized,SvePotrebno,VFI718,"DIOPTRIJSKI OKVIR GUN METAL 0627,SHINY PALLADIUM W0F94 M",dioptrijski-okvir-gun-metal-0627shiny-palladium-w0f94-m
DIOPTRIJSKI OKVIR,FILA,,Četvrtasti,GUN METAL 0627,M,Metal,90,54,45,19,145,138,VFI718-1,Uncategorized,SvePotrebno,VFI718,DIOPTRIJSKI OKVIR GUN METAL 0627 M,dioptrijski-okvir-gun-metal-0627-m-1
DIOPTRIJSKI OKVIR,FILA,,Četvrtasti,SHINY PALLADIUM W0F94,M,Metal,90,54,45,19,145,138,VFI718-2,Uncategorized,SvePotrebno,VFI718,DIOPTRIJSKI OKVIR SHINY PALLADIUM W0F94 M,dioptrijski-okvir-shiny-palladium-w0f94-m
DIOPTRIJSKI OKVIR,FILA,,Četvrtasti,CRNA 0Q46,M,Metal,90,55,40,19,145,138,VFI441,Uncategorized,SvePotrebno,VFI441,DIOPTRIJSKI OKVIR CRNA 0Q46 M,dioptrijski-okvir-crna-0q46-m
DIOPTRIJSKI OKVIR,FILA,,Četvrtasti,CRNA 0Q46,M,Metal,90,55,40,19,145,138,VFI441-1,Uncategorized,SvePotrebno,VFI441,DIOPTRIJSKI OKVIR CRNA 0Q46 M,dioptrijski-okvir-crna-0q46-m-1
DIOPTRIJSKI OKVIR,FILA,,Četvrtasti,CRNA 0531,M,Metal,90,55,39,16,145,135,VFI033,Uncategorized,SvePotrebno,VFI033,DIOPTRIJSKI OKVIR CRNA 0531 M,dioptrijski-okvir-crna-0531-m-2
DIOPTRIJSKI OKVIR,FILA,,Četvrtasti,CRNA 0531,M,Metal,90,55,39,16,145,135,VFI033-1,Uncategorized,SvePotrebno,VFI033,DIOPTRIJSKI OKVIR CRNA 0531 M,dioptrijski-okvir-crna-0531-m-3
DIOPTRIJSKI OKVIR,FILA,,Četvrtasti,RUBBER GREY W 0NA3,M,Metal,90,55,37,16,145,140,VFI122,Uncategorized,SvePotrebno,VFI122,DIOPTRIJSKI OKVIR RUBBER GREY W 0NA3 M,dioptrijski-okvir-rubber-grey-w-0na3-m
DIOPTRIJSKI OKVIR,FILA,,Četvrtasti,RUBBER GREY W 0NA3,M,Metal,90,55,37,16,145,140,VFI122-1,Uncategorized,SvePotrebno,VFI122,DIOPTRIJSKI OKVIR RUBBER GREY W 0NA3 M,dioptrijski-okvir-rubber-grey-w-0na3-m-1
DIOPTRIJSKI OKVIR,FILA,,Četvrtasti,"CRNA SJAJ 0700,SIVA 0AAU",M,Acetat,90,57,41,15,145,140,VFI296,Uncategorized,SvePotrebno,VFI296,"DIOPTRIJSKI OKVIR CRNA SJAJ 0700,SIVA 0AAU M",dioptrijski-okvir-crna-sjaj-0700siva-0aau-m
DIOPTRIJSKI OKVIR,FILA,,Četvrtasti,CRNA SJAJ 0700,M,Acetat,90,57,41,15,145,140,VFI296-1,Uncategorized,SvePotrebno,VFI296,DIOPTRIJSKI OKVIR CRNA SJAJ 0700 M,dioptrijski-okvir-crna-sjaj-0700-m
DIOPTRIJSKI OKVIR,FILA,,Četvrtasti,SIVA 0AAU,M,Acetat,90,57,41,15,145,140,VFI296-2,Uncategorized,SvePotrebno,VFI296,DIOPTRIJSKI OKVIR SIVA 0AAU M,dioptrijski-okvir-siva-0aau-m
DIOPTRIJSKI OKVIR,FILA,,Četvrtasti,MAT CRNA 0U28,S,Plastika,90,51,38,15,135,128,VFI704L,Uncategorized,SvePotrebno,VFI704L,DIOPTRIJSKI OKVIR MAT CRNA 0U28 S,dioptrijski-okvir-mat-crna-0u28-s
DIOPTRIJSKI OKVIR,FILA,,Četvrtasti,MAT CRNA 0U28,S,Plastika,90,51,38,15,135,128,VFI704L-1,Uncategorized,SvePotrebno,VFI704L,DIOPTRIJSKI OKVIR MAT CRNA 0U28 S,dioptrijski-okvir-mat-crna-0u28-s-1
DIOPTRIJSKI OKVIR,FILA,,Četvrtasti,"TRANSP.SIVA 03GU,CRNA 0700",M,Acetat,90,55,46,18,145,140,VFI720,Uncategorized,SvePotrebno,VFI720,"DIOPTRIJSKI OKVIR TRANSP.SIVA 03GU,CRNA 0700 M",dioptrijski-okvir-transpsiva-03gucrna-0700-m
DIOPTRIJSKI OKVIR,FILA,,Četvrtasti,TRANSP.SIVA 03GU,M,Acetat,90,55,46,18,145,140,VFI720-1,Uncategorized,SvePotrebno,VFI720,DIOPTRIJSKI OKVIR TRANSP.SIVA 03GU M,dioptrijski-okvir-transpsiva-03gu-m
DIOPTRIJSKI OKVIR,FILA,,Četvrtasti,CRNA 0700,M,Acetat,90,52,43,17,145,135,VFI720-2,Uncategorized,SvePotrebno,VFI720,DIOPTRIJSKI OKVIR CRNA 0700 M,dioptrijski-okvir-crna-0700-m-13
DIOPTRIJSKI OKVIR,FILA,,Četvrtasti,PLAVA 01HL,M,Plastika,90,53,46,19,145,140,VF877,Uncategorized,SvePotrebno,VF877,DIOPTRIJSKI OKVIR PLAVA 01HL M,dioptrijski-okvir-plava-01hl-m
DIOPTRIJSKI OKVIR,FILA,,Četvrtasti,PLAVA 01HL,M,Plastika,90,53,46,19,145,140,VF877-1,Uncategorized,SvePotrebno,VF877,DIOPTRIJSKI OKVIR PLAVA 01HL M,dioptrijski-okvir-plava-01hl-m-1
DIOPTRIJSKI OKVIR,FILA,,Četvrtasti,TRANSP.PLAVA 0955,M,Acetat,90,54,38,16,145,140,VFI532,Uncategorized,SvePotrebno,VFI532,DIOPTRIJSKI OKVIR TRANSP.PLAVA 0955 M,dioptrijski-okvir-transpplava-0955-m
DIOPTRIJSKI OKVIR,FILA,,Četvrtasti,TRANSP.PLAVA 0955,M,Acetat,90,54,38,16,145,140,VFI532-1,Uncategorized,SvePotrebno,VFI532,DIOPTRIJSKI OKVIR TRANSP.PLAVA 0955 M,dioptrijski-okvir-transpplava-0955-m-1
DIOPTRIJSKI OKVIR,STING,,Četvrtasti,"TRANSP PLAVA 0D25,CRNA 06BQ",M,Acetat,90,52,45,21,145,143,VST524,Uncategorized,SvePotrebno,VST524,"DIOPTRIJSKI OKVIR TRANSP PLAVA 0D25,CRNA 06BQ M",dioptrijski-okvir-transp-plava-0d25crna-06bq-m
DIOPTRIJSKI OKVIR,STING,,Četvrtasti,TRANSP PLAVA 0D25,M,Acetat,90,52,45,21,145,143,VST524-1,Uncategorized,SvePotrebno,VST524,DIOPTRIJSKI OKVIR TRANSP PLAVA 0D25 M,dioptrijski-okvir-transp-plava-0d25-m
DIOPTRIJSKI OKVIR,STING,,Četvrtasti,CRNA 06BQ,M,Acetat,90,52,45,21,145,143,VST524-2,Uncategorized,SvePotrebno,VST524,DIOPTRIJSKI OKVIR CRNA 06BQ M,dioptrijski-okvir-crna-06bq-m
DIOPTRIJSKI OKVIR,STING,,Četvrtasti,SHINY BLUE TOP+AZURE 09AD,S,Acetat,87,50,48,17,135,132,VSJ733,Uncategorized,SvePotrebno,VSJ733,DIOPTRIJSKI OKVIR SHINY BLUE TOP+AZURE 09AD S,dioptrijski-okvir-shiny-blue-topazure-09ad-s
DIOPTRIJSKI OKVIR,STING,,Četvrtasti,SHINY BLUE TOP+AZURE 09AD,S,Acetat,87,50,48,17,135,132,VSJ733-1,Uncategorized,SvePotrebno,VSJ733,DIOPTRIJSKI OKVIR SHINY BLUE TOP+AZURE 09AD S,dioptrijski-okvir-shiny-blue-topazure-09ad-s-1
DIOPTRIJSKI OKVIR,STING,,Četvrtasti,SHINY BROWN+LIGHT BLUE 09EQ,M,Acetat,90,50,42,21,145,138,VST524L,Uncategorized,SvePotrebno,VST524L,DIOPTRIJSKI OKVIR SHINY BROWN+LIGHT BLUE 09EQ M,dioptrijski-okvir-shiny-brownlight-blue-09eq-m
DIOPTRIJSKI OKVIR,STING,,Četvrtasti,SHINY BROWN+LIGHT BLUE 09EQ,M,Acetat,90,50,42,21,145,138,VST524L-1,Uncategorized,SvePotrebno,VST524L,DIOPTRIJSKI OKVIR SHINY BROWN+LIGHT BLUE 09EQ M,dioptrijski-okvir-shiny-brownlight-blue-09eq-m-1
DIOPTRIJSKI OKVIR,STING,,Okrugao,"BORDO CRVENA 0V64,CRNA 0700,PLAVA/CRVENA 0U11",M,Acetat,90,50,48,22,145,140,VST505,Uncategorized,SvePotrebno,VST505,"DIOPTRIJSKI OKVIR BORDO CRVENA 0V64,CRNA 0700,PLAVA/CRVENA 0U11 M",dioptrijski-okvir-bordo-crvena-0v64crna-0700plava-crvena-0u11-m
DIOPTRIJSKI OKVIR,STING,,Okrugao,BORDO CRVENA 0V64,M,Acetat,90,50,48,22,145,140,VST505-1,Uncategorized,SvePotrebno,VST505,DIOPTRIJSKI OKVIR BORDO CRVENA 0V64 M,dioptrijski-okvir-bordo-crvena-0v64-m
DIOPTRIJSKI OKVIR,STING,,Okrugao,CRNA 0700,M,Acetat,90,50,48,22,145,140,VST505-2,Uncategorized,SvePotrebno,VST505,DIOPTRIJSKI OKVIR CRNA 0700 M,dioptrijski-okvir-crna-0700-m-14
DIOPTRIJSKI OKVIR,STING,,Okrugao,PLAVA/CRVENA 0U11,M,Acetat,90,50,48,22,145,140,VST505-3,Uncategorized,SvePotrebno,VST505,DIOPTRIJSKI OKVIR PLAVA/CRVENA 0U11 M,dioptrijski-okvir-plava-crvena-0u11-m
DIOPTRIJSKI OKVIR,STING,,Okrugao,"TRANSP.GREY 09MB,PLAVA 06SB,TRANSP.OLIVE GREEN 09HF,CRNA 700J",M,Acetat,90,50,48,21,145,137,VST510,Uncategorized,SvePotrebno,VST510,"DIOPTRIJSKI OKVIR TRANSP.GREY 09MB,PLAVA 06SB,TRANSP.OLIVE GREEN 09HF,CRNA 700J M",dioptrijski-okvir-transpgrey-09mbplava-06sbtranspolive-green-09hfcrna-700j-m
DIOPTRIJSKI OKVIR,STING,,Okrugao,TRANSP.GREY 09MB,M,Acetat,90,50,48,21,145,137,VST510-1,Uncategorized,SvePotrebno,VST510,DIOPTRIJSKI OKVIR TRANSP.GREY 09MB M,dioptrijski-okvir-transpgrey-09mb-m
DIOPTRIJSKI OKVIR,STING,,Okrugao,PLAVA 06SB,M,Acetat,90,50,48,21,145,137,VST510-2,Uncategorized,SvePotrebno,VST510,DIOPTRIJSKI OKVIR PLAVA 06SB M,dioptrijski-okvir-plava-06sb-m
DIOPTRIJSKI OKVIR,STING,,Okrugao,TRANSP.OLIVE GREEN 09HF,M,Acetat,90,50,48,21,145,137,VST510-3,Uncategorized,SvePotrebno,VST510,DIOPTRIJSKI OKVIR TRANSP.OLIVE GREEN 09HF M,dioptrijski-okvir-transpolive-green-09hf-m
DIOPTRIJSKI OKVIR,STING,,Okrugao,CRNA 700J,M,Acetat,90,50,48,21,145,137,VST510-4,Uncategorized,SvePotrebno,VST510,DIOPTRIJSKI OKVIR CRNA 700J M,dioptrijski-okvir-crna-700j-m
DIOPTRIJSKI OKVIR,STING,,Četvrtasti,"GREY 03GU,ZELENA 0G61",M,Acetat,90,50,45,19,140,135,VST509L,Uncategorized,SvePotrebno,VST509L,"DIOPTRIJSKI OKVIR GREY 03GU,ZELENA 0G61 M",dioptrijski-okvir-grey-03guzelena-0g61-m
DIOPTRIJSKI OKVIR,STING,,Četvrtasti,GREY 03GU,M,Acetat,90,50,45,19,140,135,VST509L-1,Uncategorized,SvePotrebno,VST509L,DIOPTRIJSKI OKVIR GREY 03GU M,dioptrijski-okvir-grey-03gu-m
DIOPTRIJSKI OKVIR,STING,,Četvrtasti,ZELENA 0G61,M,Acetat,90,50,45,19,140,135,VST509L-2,Uncategorized,SvePotrebno,VST509L,DIOPTRIJSKI OKVIR ZELENA 0G61 M,dioptrijski-okvir-zelena-0g61-m-1
DIOPTRIJSKI OKVIR,STING,,Četvrtasti,CRNA 0700,M,Acetat,90,55,48,17,145,140,VST501,Uncategorized,SvePotrebno,VST501,DIOPTRIJSKI OKVIR CRNA 0700 M,dioptrijski-okvir-crna-0700-m-15
DIOPTRIJSKI OKVIR,STING,,Četvrtasti,CRNA 0700,M,Acetat,90,55,48,17,145,140,VST501-1,Uncategorized,SvePotrebno,VST501,DIOPTRIJSKI OKVIR CRNA 0700 M,dioptrijski-okvir-crna-0700-m-16
DIOPTRIJSKI OKVIR,STING,,Četvrtasti,"PLAVA 0U11,CRNA 0700","S,M",Acetat,90,50,42,17,140,131,VST508L,Uncategorized,SvePotrebno,VST508L,"DIOPTRIJSKI OKVIR PLAVA 0U11,CRNA 0700 S,M",dioptrijski-okvir-plava-0u11crna-0700-sm
DIOPTRIJSKI OKVIR,STING,,Četvrtasti,PLAVA 0U11,S,Acetat,90,50,42,17,140,131,VST508L-1,Uncategorized,SvePotrebno,VST508L,DIOPTRIJSKI OKVIR PLAVA 0U11 S,dioptrijski-okvir-plava-0u11-s
DIOPTRIJSKI OKVIR,STING,,Četvrtasti,CRNA 0700,M,Acetat,90,54,45,18,145,142,VST508L-2,Uncategorized,SvePotrebno,VST508L,DIOPTRIJSKI OKVIR CRNA 0700 M,dioptrijski-okvir-crna-0700-m-17
DIOPTRIJSKI OKVIR,STING,,Četvrtasti,"SMEĐA/PLAVA 0GEQ,PLAVA/CRVENA 06SB",M,Acetat,90,53,45,18,145,138,VST528W,Uncategorized,SvePotrebno,VST528W,"DIOPTRIJSKI OKVIR SMEĐA/PLAVA 0GEQ,PLAVA/CRVENA 06SB M",dioptrijski-okvir-smeda-plava-0geqplava-crvena-06sb-m
DIOPTRIJSKI OKVIR,STING,,Četvrtasti,SMEĐA/PLAVA 0GEQ,M,Acetat,90,53,45,18,145,138,VST528W-1,Uncategorized,SvePotrebno,VST528W,DIOPTRIJSKI OKVIR SMEĐA/PLAVA 0GEQ M,dioptrijski-okvir-smeda-plava-0geq-m
DIOPTRIJSKI OKVIR,STING,,Četvrtasti,PLAVA/CRVENA 06SB,M,Acetat,90,53,45,18,145,138,VST528W-2,Uncategorized,SvePotrebno,VST528W,DIOPTRIJSKI OKVIR PLAVA/CRVENA 06SB M,dioptrijski-okvir-plava-crvena-06sb-m
DIOPTRIJSKI OKVIR,STING,,Četvrtasti,"SMEĐA 0BR0,CRNA/PLAVA 0XAH",L,Titan,90,57,45,15,145,145,VST533,Uncategorized,SvePotrebno,VST533,"DIOPTRIJSKI OKVIR SMEĐA 0BR0,CRNA/PLAVA 0XAH L",dioptrijski-okvir-smeda-0br0crna-plava-0xah-l
DIOPTRIJSKI OKVIR,STING,,Četvrtasti,SMEĐA 0BR0,L,Titan,90,57,45,15,145,145,VST533-1,Uncategorized,SvePotrebno,VST533,DIOPTRIJSKI OKVIR SMEĐA 0BR0 L,dioptrijski-okvir-smeda-0br0-l
DIOPTRIJSKI OKVIR,STING,,Četvrtasti,CRNA/PLAVA 0XAH,L,Titan,90,57,45,15,145,145,VST533-2,Uncategorized,SvePotrebno,VST533,DIOPTRIJSKI OKVIR CRNA/PLAVA 0XAH L,dioptrijski-okvir-crna-plava-0xah-l
DIOPTRIJSKI OKVIR,STING,,Šesterokutan,"GRADIENT ROSE 0VB6,BLUE GRAD.AZURE 0D36",S,Acetat,87,49,46,15,130,125,VSJ740,Uncategorized,SvePotrebno,VSJ740,"DIOPTRIJSKI OKVIR GRADIENT ROSE 0VB6,BLUE GRAD.AZURE 0D36 S",dioptrijski-okvir-gradient-rose-0vb6blue-gradazure-0d36-s
DIOPTRIJSKI OKVIR,STING,,Šesterokutan,GRADIENT ROSE 0VB6,S,Acetat,87,49,46,15,130,125,VSJ740-1,Uncategorized,SvePotrebno,VSJ740,DIOPTRIJSKI OKVIR GRADIENT ROSE 0VB6 S,dioptrijski-okvir-gradient-rose-0vb6-s
DIOPTRIJSKI OKVIR,STING,,Šesterokutan,BLUE GRAD.AZURE 0D36,S,Acetat,87,49,46,15,130,125,VSJ740-2,Uncategorized,SvePotrebno,VSJ740,DIOPTRIJSKI OKVIR BLUE GRAD.AZURE 0D36 S,dioptrijski-okvir-blue-gradazure-0d36-s
DIOPTRIJSKI OKVIR,STING,,Četvrtasti,TRANSP.BLUE 06SB,M,Acetat,90,55,46,18,145,140,VST528V,Uncategorized,SvePotrebno,VST528V,DIOPTRIJSKI OKVIR TRANSP.BLUE 06SB M,dioptrijski-okvir-transpblue-06sb-m
DIOPTRIJSKI OKVIR,STING,,Četvrtasti,TRANSP.BLUE 06SB,M,Acetat,90,55,46,18,145,140,VST528V-1,Uncategorized,SvePotrebno,VST528V,DIOPTRIJSKI OKVIR TRANSP.BLUE 06SB M,dioptrijski-okvir-transpblue-06sb-m-1
DIOPTRIJSKI OKVIR,STING,,Okrugao,CRNA 700Y,M,Acetat,90,50,48,22,145,142,VST529,Uncategorized,SvePotrebno,VST529,DIOPTRIJSKI OKVIR CRNA 700Y M,dioptrijski-okvir-crna-700y-m-3
DIOPTRIJSKI OKVIR,STING,,Okrugao,CRNA 700Y,M,Acetat,90,50,48,22,145,142,VST529-1,Uncategorized,SvePotrebno,VST529,DIOPTRIJSKI OKVIR CRNA 700Y M,dioptrijski-okvir-crna-700y-m-4
DIOPTRIJSKI OKVIR,STING,,Okrugao,TRANSP BEIGE 0913,M,Acetat,90,50,48,22,145,142,VST529V,Uncategorized,SvePotrebno,VST529V,DIOPTRIJSKI OKVIR TRANSP BEIGE 0913 M,dioptrijski-okvir-transp-beige-0913-m
DIOPTRIJSKI OKVIR,STING,,Okrugao,TRANSP BEIGE 0913,M,Acetat,90,50,48,22,145,142,VST529V-1,Uncategorized,SvePotrebno,VST529V,DIOPTRIJSKI OKVIR TRANSP BEIGE 0913 M,dioptrijski-okvir-transp-beige-0913-m-1
DIOPTRIJSKI OKVIR,STING,,Okrugao,"BLUE GRAD.AZURE 0D36,GREEN GRAD.PINK 07PL,GRAD.ROSE  0VB6",S,Acetat,76,47,44,18,130,127,VSJ741,Uncategorized,SvePotrebno,VSJ741,"DIOPTRIJSKI OKVIR BLUE GRAD.AZURE 0D36,GREEN GRAD.PINK 07PL,GRAD.ROSE  0VB6 S",dioptrijski-okvir-blue-gradazure-0d36green-gradpink-07plgradrose-0vb6-s
DIOPTRIJSKI OKVIR,STING,,Okrugao,BLUE GRAD.AZURE 0D36,S,Acetat,76,47,44,18,130,127,VSJ741-1,Uncategorized,SvePotrebno,VSJ741,DIOPTRIJSKI OKVIR BLUE GRAD.AZURE 0D36 S,dioptrijski-okvir-blue-gradazure-0d36-s-1
DIOPTRIJSKI OKVIR,STING,,Okrugao,GREEN GRAD.PINK 07PL,S,Acetat,76,47,44,18,130,127,VSJ741-2,Uncategorized,SvePotrebno,VSJ741,DIOPTRIJSKI OKVIR GREEN GRAD.PINK 07PL S,dioptrijski-okvir-green-gradpink-07pl-s
DIOPTRIJSKI OKVIR,STING,,Okrugao,GRAD.ROSE  0VB6,S,Acetat,76,47,44,18,130,127,VSJ741-3,Uncategorized,SvePotrebno,VSJ741,DIOPTRIJSKI OKVIR GRAD.ROSE  0VB6 S,dioptrijski-okvir-gradrose-0vb6-s
DIOPTRIJSKI OKVIR,STING,,Okrugao,"SHINY GLITTERY PINK 0WA1,LIGHT BLUE GRAD.GLITTERY 0GFH",S,Acetat,87,47,44,18,130,127,VSJ714,Uncategorized,SvePotrebno,VSJ714,"DIOPTRIJSKI OKVIR SHINY GLITTERY PINK 0WA1,LIGHT BLUE GRAD.GLITTERY 0GFH S",dioptrijski-okvir-shiny-glittery-pink-0wa1light-blue-gradglittery-0gfh-s
DIOPTRIJSKI OKVIR,STING,,Okrugao,SHINY GLITTERY PINK 0WA1,S,Acetat,87,47,44,18,130,127,VSJ714-1,Uncategorized,SvePotrebno,VSJ714,DIOPTRIJSKI OKVIR SHINY GLITTERY PINK 0WA1 S,dioptrijski-okvir-shiny-glittery-pink-0wa1-s
DIOPTRIJSKI OKVIR,STING,,Okrugao,LIGHT BLUE GRAD.GLITTERY 0GFH,S,Acetat,87,47,44,18,130,127,VSJ714-2,Uncategorized,SvePotrebno,VSJ714,DIOPTRIJSKI OKVIR LIGHT BLUE GRAD.GLITTERY 0GFH S,dioptrijski-okvir-light-blue-gradglittery-0gfh-s
DIOPTRIJSKI OKVIR,STING,,Ovalni,"PINK 06MH,BROWN/PINK HAVANA 01GQ",S,Acetat,87,50,45,15,130,130,VSJ731,Uncategorized,SvePotrebno,VSJ731,"DIOPTRIJSKI OKVIR PINK 06MH,BROWN/PINK HAVANA 01GQ S",dioptrijski-okvir-pink-06mhbrown-pink-havana-01gq-s
DIOPTRIJSKI OKVIR,STING,,Ovalni,PINK 06MH,S,Acetat,87,50,45,15,130,130,VSJ731-1,Uncategorized,SvePotrebno,VSJ731,DIOPTRIJSKI OKVIR PINK 06MH S,dioptrijski-okvir-pink-06mh-s
DIOPTRIJSKI OKVIR,STING,,Ovalni,BROWN/PINK HAVANA 01GQ,S,Acetat,87,50,45,15,130,130,VSJ731-2,Uncategorized,SvePotrebno,VSJ731,DIOPTRIJSKI OKVIR BROWN/PINK HAVANA 01GQ S,dioptrijski-okvir-brown-pink-havana-01gq-s
DIOPTRIJSKI OKVIR,STING,,Nepravilan,"VIOLET/ROSE 09Q4,BLUE TOP/LILIAC 0L20,TOP PINK/GREEN 03GS,CRNA 700Y",S,Acetat,87,48,42,17,135,128,VSJ726V,Uncategorized,SvePotrebno,VSJ726V,"DIOPTRIJSKI OKVIR VIOLET/ROSE 09Q4,BLUE TOP/LILIAC 0L20,TOP PINK/GREEN 03GS,CRNA 700Y S",dioptrijski-okvir-violet-rose-09q4blue-top-liliac-0l20top-pink-green-03gscrna-700y-s
DIOPTRIJSKI OKVIR,STING,,Nepravilan,VIOLET/ROSE 09Q4,S,Acetat,87,48,42,17,135,128,VSJ726V-1,Uncategorized,SvePotrebno,VSJ726V,DIOPTRIJSKI OKVIR VIOLET/ROSE 09Q4 S,dioptrijski-okvir-violet-rose-09q4-s
DIOPTRIJSKI OKVIR,STING,,Nepravilan,BLUE TOP/LILIAC 0L20,S,Acetat,87,48,42,17,135,128,VSJ726V-2,Uncategorized,SvePotrebno,VSJ726V,DIOPTRIJSKI OKVIR BLUE TOP/LILIAC 0L20 S,dioptrijski-okvir-blue-top-liliac-0l20-s
DIOPTRIJSKI OKVIR,STING,,Nepravilan,TOP PINK/GREEN 03GS,S,Acetat,87,48,42,17,135,128,VSJ726V-3,Uncategorized,SvePotrebno,VSJ726V,DIOPTRIJSKI OKVIR TOP PINK/GREEN 03GS S,dioptrijski-okvir-top-pink-green-03gs-s
DIOPTRIJSKI OKVIR,STING,,Nepravilan,CRNA 700Y,S,Acetat,76,48,41,17,135,125,VSJ726V-4,Uncategorized,SvePotrebno,VSJ726V,DIOPTRIJSKI OKVIR CRNA 700Y S,dioptrijski-okvir-crna-700y-s
DIOPTRIJSKI OKVIR,STING,,Nepravilan,PINK GRAD.GLITTERY 0GFB,S,Acetat,87,50,43,18,135,133,VSJ724,Uncategorized,SvePotrebno,VSJ724,DIOPTRIJSKI OKVIR PINK GRAD.GLITTERY 0GFB S,dioptrijski-okvir-pink-gradglittery-0gfb-s
DIOPTRIJSKI OKVIR,STING,,Nepravilan,PINK GRAD.GLITTERY 0GFB,S,Acetat,87,50,43,18,135,133,VSJ724-1,Uncategorized,SvePotrebno,VSJ724,DIOPTRIJSKI OKVIR PINK GRAD.GLITTERY 0GFB S,dioptrijski-okvir-pink-gradglittery-0gfb-s-1
DIOPTRIJSKI OKVIR,STING,,Cat Eye,"CRVENA 09C2,VIOLET/ROSE 09Q4",S,Acetat,87,49,45,18,135,130,VSJ732,Uncategorized,SvePotrebno,VSJ732,"DIOPTRIJSKI OKVIR CRVENA 09C2,VIOLET/ROSE 09Q4 S",dioptrijski-okvir-crvena-09c2violet-rose-09q4-s
DIOPTRIJSKI OKVIR,STING,,Cat Eye,CRVENA 09C2,S,Acetat,87,49,45,18,135,130,VSJ732-1,Uncategorized,SvePotrebno,VSJ732,DIOPTRIJSKI OKVIR CRVENA 09C2 S,dioptrijski-okvir-crvena-09c2-s
DIOPTRIJSKI OKVIR,STING,,Cat Eye,VIOLET/ROSE 09Q4,S,Acetat,87,49,45,18,135,130,VSJ732-2,Uncategorized,SvePotrebno,VSJ732,DIOPTRIJSKI OKVIR VIOLET/ROSE 09Q4 S,dioptrijski-okvir-violet-rose-09q4-s-1
DIOPTRIJSKI OKVIR,STING,,Okrugao,TRANSP.BEIGE 0913,M,Acetat,90,48,46,22,140,138,VST529W,Uncategorized,SvePotrebno,VST529W,DIOPTRIJSKI OKVIR TRANSP.BEIGE 0913 M,dioptrijski-okvir-transpbeige-0913-m
DIOPTRIJSKI OKVIR,STING,,Okrugao,TRANSP.BEIGE 0913,M,Acetat,90,48,46,22,140,138,VST529W-1,Uncategorized,SvePotrebno,VST529W,DIOPTRIJSKI OKVIR TRANSP.BEIGE 0913 M,dioptrijski-okvir-transpbeige-0913-m-1
DIOPTRIJSKI OKVIR,STING,,Četvrtasti,CRNA 700Y,M,Acetat,90,53,47,20,145,142,VST509,Uncategorized,SvePotrebno,VST509,DIOPTRIJSKI OKVIR CRNA 700Y M,dioptrijski-okvir-crna-700y-m-5
DIOPTRIJSKI OKVIR,STING,,Četvrtasti,CRNA 700Y,M,Acetat,90,53,47,20,145,142,VST509-1,Uncategorized,SvePotrebno,VST509,DIOPTRIJSKI OKVIR CRNA 700Y M,dioptrijski-okvir-crna-700y-m-6
DIOPTRIJSKI OKVIR,STING,,Četvrtasti,GREEN/GREY 06NT,S,Acetat,90,47,42,18,135,125,VSJ739,Uncategorized,SvePotrebno,VSJ739,DIOPTRIJSKI OKVIR GREEN/GREY 06NT S,dioptrijski-okvir-green-grey-06nt-s
DIOPTRIJSKI OKVIR,STING,,Četvrtasti,GREEN/GREY 06NT,S,Acetat,90,47,42,18,135,125,VSJ739-1,Uncategorized,SvePotrebno,VSJ739,DIOPTRIJSKI OKVIR GREEN/GREY 06NT S,dioptrijski-okvir-green-grey-06nt-s-1
DIOPTRIJSKI OKVIR,STING,,Cat Eye,TRANSP.RED 09PC,S,Acetat,90,50,40,16,135,130,VSJ743,Uncategorized,SvePotrebno,VSJ743,DIOPTRIJSKI OKVIR TRANSP.RED 09PC S,dioptrijski-okvir-transpred-09pc-s
DIOPTRIJSKI OKVIR,STING,,Cat Eye,TRANSP.RED 09PC,S,Acetat,90,50,40,16,135,130,VSJ743-1,Uncategorized,SvePotrebno,VSJ743,DIOPTRIJSKI OKVIR TRANSP.RED 09PC S,dioptrijski-okvir-transpred-09pc-s-1
DIOPTRIJSKI OKVIR,STING,,Nepravilan,PLAVA 091V,S,Acetat,90,46,42,19,135,130,VSJ738,Uncategorized,SvePotrebno,VSJ738,DIOPTRIJSKI OKVIR PLAVA 091V S,dioptrijski-okvir-plava-091v-s
DIOPTRIJSKI OKVIR,STING,,Nepravilan,PLAVA 091V,S,Acetat,90,46,42,19,135,130,VSJ738-1,Uncategorized,SvePotrebno,VSJ738,DIOPTRIJSKI OKVIR PLAVA 091V S,dioptrijski-okvir-plava-091v-s-1
DIOPTRIJSKI OKVIR+CLIP ON,STING,,Četvrtasti,"GREEN 1F1P,PLAVA L84P,CRNA/SIVA D18P",,Plastika,101,49,40,16,130,129,USJ722,Uncategorized,SvePotrebno,USJ722,"DIOPTRIJSKI OKVIR+CLIP ON GREEN 1F1P,PLAVA L84P,CRNA/SIVA D18P ",dioptrijski-okvirclip-on-green-1f1pplava-l84pcrna-siva-d18p
DIOPTRIJSKI OKVIR+CLIP ON,STING,,Četvrtasti,GREEN 1F1P,,Plastika,101,49,40,16,130,129,USJ722-1,Uncategorized,SvePotrebno,USJ722,DIOPTRIJSKI OKVIR+CLIP ON GREEN 1F1P ,dioptrijski-okvirclip-on-green-1f1p
DIOPTRIJSKI OKVIR+CLIP ON,STING,,Četvrtasti,PLAVA L84P,,Plastika,101,49,40,16,130,129,USJ722-2,Uncategorized,SvePotrebno,USJ722,DIOPTRIJSKI OKVIR+CLIP ON PLAVA L84P ,dioptrijski-okvirclip-on-plava-l84p
DIOPTRIJSKI OKVIR+CLIP ON,STING,,Četvrtasti,CRNA/SIVA D18P,,Plastika,101,49,40,16,130,129,USJ722-3,Uncategorized,SvePotrebno,USJ722,DIOPTRIJSKI OKVIR+CLIP ON CRNA/SIVA D18P ,dioptrijski-okvirclip-on-crna-siva-d18p
DIOPTRIJSKI OKVIR,STING,,Okrugao,CRVENA 01BZ,S,Acetat,90,47,46,21,140,130,VST505L,Uncategorized,SvePotrebno,VST505L,DIOPTRIJSKI OKVIR CRVENA 01BZ S,dioptrijski-okvir-crvena-01bz-s
DIOPTRIJSKI OKVIR,STING,,Okrugao,CRVENA 01BZ,S,Acetat,90,47,46,21,140,130,VST505L-1,Uncategorized,SvePotrebno,VST505L,DIOPTRIJSKI OKVIR CRVENA 01BZ S,dioptrijski-okvir-crvena-01bz-s-1
DIOPTRIJSKI OKVIR,STING,,Četvrtasti,"CRNA 700Q,TRANSP.BLUE 0U11",M,Acetat,90,54,44,19,145,145,VST511,Uncategorized,SvePotrebno,VST511,"DIOPTRIJSKI OKVIR CRNA 700Q,TRANSP.BLUE 0U11 M",dioptrijski-okvir-crna-700qtranspblue-0u11-m
DIOPTRIJSKI OKVIR,STING,,Četvrtasti,CRNA 700Q,M,Acetat,90,54,44,19,145,145,VST511-1,Uncategorized,SvePotrebno,VST511,DIOPTRIJSKI OKVIR CRNA 700Q M,dioptrijski-okvir-crna-700q-m
DIOPTRIJSKI OKVIR,STING,,Četvrtasti,TRANSP.BLUE 0U11,M,Acetat,90,54,44,19,145,145,VST511-2,Uncategorized,SvePotrebno,VST511,DIOPTRIJSKI OKVIR TRANSP.BLUE 0U11 M,dioptrijski-okvir-transpblue-0u11-m
DIOPTRIJSKI OKVIR,STING,,Četvrtasti,GREEN/BROWN 0AAQ,M,Acetat,90,53,44,18,145,138,VST525L,Uncategorized,SvePotrebno,VST525L,DIOPTRIJSKI OKVIR GREEN/BROWN 0AAQ M,dioptrijski-okvir-green-brown-0aaq-m
DIOPTRIJSKI OKVIR,STING,,Četvrtasti,GREEN/BROWN 0AAQ,M,Acetat,90,53,44,18,145,138,VST525L-1,Uncategorized,SvePotrebno,VST525L,DIOPTRIJSKI OKVIR GREEN/BROWN 0AAQ M,dioptrijski-okvir-green-brown-0aaq-m-1
DIOPTRIJSKI OKVIR,STING,,Četvrtasti,GREEN/BROWN 0AAQ,M,Acetat,90,53,44,18,145,138,VST525L-2,Uncategorized,SvePotrebno,VST525L,DIOPTRIJSKI OKVIR GREEN/BROWN 0AAQ M,dioptrijski-okvir-green-brown-0aaq-m-2
DIOPTRIJSKI OKVIR,STING,,Četvrtasti,CRNA 700Y,M,Acetat,90,48,47,22,140,140,VST529L,Uncategorized,SvePotrebno,VST529L,DIOPTRIJSKI OKVIR CRNA 700Y M,dioptrijski-okvir-crna-700y-m-7
DIOPTRIJSKI OKVIR,STING,,Četvrtasti,CRNA 700Y,M,Acetat,90,48,47,22,140,140,VST529L-1,Uncategorized,SvePotrebno,VST529L,DIOPTRIJSKI OKVIR CRNA 700Y M,dioptrijski-okvir-crna-700y-m-8
DIOPTRIJSKI OKVIR,STING,,Okrugao,TRANSP.BROWN 0D57,S,Acetat,90,50,47,21,140,132,VST502,Uncategorized,SvePotrebno,VST502,DIOPTRIJSKI OKVIR TRANSP.BROWN 0D57 S,dioptrijski-okvir-transpbrown-0d57-s
DIOPTRIJSKI OKVIR,STING,,Okrugao,TRANSP.BROWN 0D57,S,Acetat,90,50,47,21,140,132,VST502-1,Uncategorized,SvePotrebno,VST502,DIOPTRIJSKI OKVIR TRANSP.BROWN 0D57 S,dioptrijski-okvir-transpbrown-0d57-s-1
DIOPTRIJSKI OKVIR,STING,,Okrugao,"CRNA /PLAVA 0Q46,PLAVA/ŽUTA 08KA",M,Titan,90,49,48,23,145,138,VST534,Uncategorized,SvePotrebno,VST534,"DIOPTRIJSKI OKVIR CRNA /PLAVA 0Q46,PLAVA/ŽUTA 08KA M",dioptrijski-okvir-crna-plava-0q46plava-zuta-08ka-m
DIOPTRIJSKI OKVIR,STING,,Okrugao,CRNA /PLAVA 0Q46,M,Titan,90,49,48,23,145,138,VST534-1,Uncategorized,SvePotrebno,VST534,DIOPTRIJSKI OKVIR CRNA /PLAVA 0Q46 M,dioptrijski-okvir-crna-plava-0q46-m
DIOPTRIJSKI OKVIR,STING,,Okrugao,PLAVA/ŽUTA 08KA,M,Titan,90,49,48,23,145,138,VST534-2,Uncategorized,SvePotrebno,VST534,DIOPTRIJSKI OKVIR PLAVA/ŽUTA 08KA M,dioptrijski-okvir-plava-zuta-08ka-m
DIOPTRIJSKI OKVIR,POLICE,,Okrugao,CRNA Z42Y,S,Plastika,90,48,44,18,135,130,VK129,Uncategorized,SvePotrebno,VK129,DIOPTRIJSKI OKVIR CRNA Z42Y S,dioptrijski-okvir-crna-z42y-s
DIOPTRIJSKI OKVIR,POLICE,,Okrugao,CRNA Z42Y,S,Plastika,90,48,44,18,135,130,VK129-1,Uncategorized,SvePotrebno,VK129,DIOPTRIJSKI OKVIR CRNA Z42Y S,dioptrijski-okvir-crna-z42y-s-1
DIOPTRIJSKI OKVIR,FURLA,,Nepravilan,CRNA 0700,M,Acetat,130,52,55,21,140,142,VFU824,Uncategorized,SvePotrebno,VFU824,DIOPTRIJSKI OKVIR CRNA 0700 M,dioptrijski-okvir-crna-0700-m-18
DIOPTRIJSKI OKVIR,FURLA,,Nepravilan,CRNA 0700,M,Acetat,130,52,55,21,140,142,VFU824-1,Uncategorized,SvePotrebno,VFU824,DIOPTRIJSKI OKVIR CRNA 0700 M,dioptrijski-okvir-crna-0700-m-19
DIOPTRIJSKI OKVIR,FURLA,,Nepravilan,CRNA 0700,M,Acetat,130,53,50,18,140,139,VFU825,Uncategorized,SvePotrebno,VFU825,DIOPTRIJSKI OKVIR CRNA 0700 M,dioptrijski-okvir-crna-0700-m-20
DIOPTRIJSKI OKVIR,FURLA,,Nepravilan,CRNA 0700,M,Acetat,130,53,50,18,140,139,VFU825-1,Uncategorized,SvePotrebno,VFU825,DIOPTRIJSKI OKVIR CRNA 0700 M,dioptrijski-okvir-crna-0700-m-21
DIOPTRIJSKI OKVIR,FURLA,,Nepravilan,"SHINY TRANSP.AZURE 06N1,HAVANA 0745",M,Acetat,185,53,50,16,140,138,VFU828V,Uncategorized,SvePotrebno,VFU828V,"DIOPTRIJSKI OKVIR SHINY TRANSP.AZURE 06N1,HAVANA 0745 M",dioptrijski-okvir-shiny-transpazure-06n1havana-0745-m
DIOPTRIJSKI OKVIR,FURLA,,Nepravilan,SHINY TRANSP.AZURE 06N1,M,Acetat,185,53,50,16,140,138,VFU828V-1,Uncategorized,SvePotrebno,VFU828V,DIOPTRIJSKI OKVIR SHINY TRANSP.AZURE 06N1 M,dioptrijski-okvir-shiny-transpazure-06n1-m
DIOPTRIJSKI OKVIR,FURLA,,Nepravilan,HAVANA 0745,M,Acetat,185,53,50,16,140,138,VFU828V-2,Uncategorized,SvePotrebno,VFU828V,DIOPTRIJSKI OKVIR HAVANA 0745 M,dioptrijski-okvir-havana-0745-m
DIOPTRIJSKI OKVIR,FURLA,,Četvrtasti,"CRNA 0700,SMEĐA/PLAVA 0P62",S,Acetat,158,53,36,15,135,134,VFU669,Uncategorized,SvePotrebno,VFU669,"DIOPTRIJSKI OKVIR CRNA 0700,SMEĐA/PLAVA 0P62 S",dioptrijski-okvir-crna-0700smeda-plava-0p62-s
DIOPTRIJSKI OKVIR,FURLA,,Četvrtasti,CRNA 0700,S,Acetat,158,53,36,15,135,134,VFU669-1,Uncategorized,SvePotrebno,VFU669,DIOPTRIJSKI OKVIR CRNA 0700 S,dioptrijski-okvir-crna-0700-s
DIOPTRIJSKI OKVIR,FURLA,,Četvrtasti,SMEĐA/PLAVA 0P62,S,Acetat,158,53,36,15,135,134,VFU669-2,Uncategorized,SvePotrebno,VFU669,DIOPTRIJSKI OKVIR SMEĐA/PLAVA 0P62 S,dioptrijski-okvir-smeda-plava-0p62-s
DIOPTRIJSKI OKVIR,ESCADA,,Nepravilan,CRNA 700Y,M,Acetat,190,55,47,16,140,138,VESE43,Uncategorized,SvePotrebno,VESE43,DIOPTRIJSKI OKVIR CRNA 700Y M,dioptrijski-okvir-crna-700y-m-9
DIOPTRIJSKI OKVIR,ESCADA,,Nepravilan,CRNA 700Y,M,Acetat,190,55,47,16,140,138,VESE43-1,Uncategorized,SvePotrebno,VESE43,DIOPTRIJSKI OKVIR CRNA 700Y M,dioptrijski-okvir-crna-700y-m-10
DIOPTRIJSKI OKVIR,ESCADA,,Nepravilan,DARK HAVANA 752Y,M,Acetat,210,55,47,16,140,140,VESE82,Uncategorized,SvePotrebno,VESE82,DIOPTRIJSKI OKVIR DARK HAVANA 752Y M,dioptrijski-okvir-dark-havana-752y-m
DIOPTRIJSKI OKVIR,ESCADA,,Nepravilan,DARK HAVANA 752Y,M,Acetat,210,55,47,16,140,140,VESE82-1,Uncategorized,SvePotrebno,VESE82,DIOPTRIJSKI OKVIR DARK HAVANA 752Y M,dioptrijski-okvir-dark-havana-752y-m-1
