Sku;Slug;ColorCode;Image;AttributeSet;Category;ColorUnTransformed;TransformedColor;Vodič za veličinu;Šifra modela;Šifra boje;Ime branda;MPC;Spol;Oblik;Tip;Opis naziva modela;Veličina;Boja prednjeg dijela;Materijal prednjeg dijela;Širina leće;Visina leće;Materijal ručkice;Dužina ručkice;Veličina mosta;Ime proizvoda;Kategorija
0RX2210V;0rx2210v;;0RX2210V-8324;Default;Eyewear;Plava na Prozirna Plava;;L;0RX2210V;8324;RAY-BAN VISTA;132;Unisex;Kvadratni;Puni okvir;;53;Plava na Prozirna Plava;Acetat;53;47;Acetat;145;21;RAY-BAN VISTA;Dioptrijste naočale
0RX2210V-L-Plava-na-Prozirna-Plava-8324;0rx2210v-l-plava-na-prozirna-plava-8324;8324;0RX2210V-8324;Default;Eyewear;Plava na Prozirna Plava;plava;L;0RX2210V;8324;RAY-BAN VISTA;132;Unisex;Kvadratni;Puni okvir;;53;Plava na Prozirna Plava;Acetat;53;47;Acetat;145;21;RAY-BAN VISTA;Dioptrijste naočale
0RX3547V;0rx3547v;;0RX3547V-2502;Default;Eyewear;Gunmetal;;M;0RX3547V;2502;RAY-BAN VISTA;146;Unisex;Ovalni;Puni okvir;OVAL;51;Gunmetal;Metal;51;40;Metal;145;21;RAY-BAN VISTA;Dioptrijste naočale
0RX3547V-M-Gunmetal-2502;0rx3547v-m-gunmetal-2502;2502;0RX3547V-2502;Default;Eyewear;Gunmetal;siva;M;0RX3547V;2502;RAY-BAN VISTA;146;Unisex;Ovalni;Puni okvir;OVAL;51;Gunmetal;Metal;51;40;Metal;145;21;RAY-BAN VISTA;Dioptrijste naočale
0RX3637V;0rx3637v;;0RX3637V-2501,0RX3637V-2509,0RX3637V-3094;Default;Eyewear;Srebrna;;XS;0RX3637V;2501;RAY-BAN VISTA;155;Unisex;Phantos;Puni okvir;NEW ROUND;50;Srebrna;Metal;50;47;Metal;140;21;RAY-BAN VISTA;Dioptrijste naočale
0RX3637V-XS-Srebrna-2501;0rx3637v-xs-srebrna-2501;2501;0RX3637V-2501;Default;Eyewear;Srebrna;srebrna;XS;0RX3637V;2501;RAY-BAN VISTA;155;Unisex;Phantos;Puni okvir;NEW ROUND;50;Srebrna;Metal;50;47;Metal;140;21;RAY-BAN VISTA;Dioptrijste naočale
0RX3637V-M-Srebrna-2501;0rx3637v-m-srebrna-2501;2501;0RX3637V-2501;Default;Eyewear;Srebrna;srebrna;M;0RX3637V;2501;RAY-BAN VISTA;155;Unisex;Phantos;Puni okvir;NEW ROUND;53;Srebrna;Metal;53;50;Metal;140;21;RAY-BAN VISTA;Dioptrijste naočale
0RX3637V-M-Crna-2509;0rx3637v-m-crna-2509;2509;0RX3637V-2509;Default;Eyewear;Crna;crna;M;0RX3637V;2509;RAY-BAN VISTA;155;Unisex;Phantos;Puni okvir;NEW ROUND;53;Crna;Metal;53;50;Metal;140;21;RAY-BAN VISTA;Dioptrijste naočale
0RX3637V-XS-Ruzicasto-zlatna-3094;0rx3637v-xs-ruzicasto-zlatna-3094;3094;0RX3637V-3094;Default;Eyewear;Ružičasto zlatna;zlatna;XS;0RX3637V;3094;RAY-BAN VISTA;155;Unisex;Phantos;Puni okvir;NEW ROUND;50;Ružičasto zlatna;Metal;50;47;Metal;140;21;RAY-BAN VISTA;Dioptrijste naočale
0RX3681V;0rx3681v;;0RX3681V-2500,0RX3681V-2501,0RX3681V-2502,0RX3681V-2509;Default;Eyewear;Arista zlatna;;S;0RX3681V;2500;RAY-BAN VISTA;113;Unisex;Phantos;Puni okvir;;50;Arista zlatna;Metal;50;47;Metal;145;20;RAY-BAN VISTA;Dioptrijste naočale
0RX3681V-S-Arista-zlatna-2500;0rx3681v-s-arista-zlatna-2500;2500;0RX3681V-2500;Default;Eyewear;Arista zlatna;zlatna;S;0RX3681V;2500;RAY-BAN VISTA;113;Unisex;Phantos;Puni okvir;;50;Arista zlatna;Metal;50;47;Metal;145;20;RAY-BAN VISTA;Dioptrijste naočale
0RX3681V-S-Srebrna-2501;0rx3681v-s-srebrna-2501;2501;0RX3681V-2501;Default;Eyewear;Srebrna;srebrna;S;0RX3681V;2501;RAY-BAN VISTA;113;Unisex;Phantos;Puni okvir;;50;Srebrna;Metal;50;47;Metal;145;20;RAY-BAN VISTA;Dioptrijste naočale
0RX3681V-XS-Gunmetal-2502;0rx3681v-xs-gunmetal-2502;2502;0RX3681V-2502;Default;Eyewear;Gunmetal;siva;XS;0RX3681V;2502;RAY-BAN VISTA;113;Unisex;Phantos;Puni okvir;;48;Gunmetal;Metal;48;45;Metal;145;20;RAY-BAN VISTA;Dioptrijste naočale
0RX3681V-S-Crna-2509;0rx3681v-s-crna-2509;2509;0RX3681V-2509;Default;Eyewear;Crna;crna;S;0RX3681V;2509;RAY-BAN VISTA;115;Unisex;Phantos;Puni okvir;;50;Crna;Metal;50;47;Metal;145;20;RAY-BAN VISTA;Dioptrijste naočale
0RX3691V;0rx3691v;;0RX3691V-2500;Default;Eyewear;Arista zlatna;;XXS;0RX3691V;2500;RAY-BAN VISTA;132;Unisex;Phantos;Puni okvir;;48;Arista zlatna;Metal;48;47;Acetat;145;21;RAY-BAN VISTA;Dioptrijste naočale
0RX3691V-XXS-Arista-zlatna-2500;0rx3691v-xxs-arista-zlatna-2500;2500;0RX3691V-2500;Default;Eyewear;Arista zlatna;zlatna;XXS;0RX3691V;2500;RAY-BAN VISTA;132;Unisex;Phantos;Puni okvir;;48;Arista zlatna;Metal;48;47;Acetat;145;21;RAY-BAN VISTA;Dioptrijste naočale
0RX3694V;0rx3694v;;0RX3694V-2501,0RX3694V-3178;Default;Eyewear;Srebrna;;M;0RX3694V;2501;RAY-BAN VISTA;146;Unisex;Nepravilan;Puni okvir;JIM;51;Srebrna;Metal;51;43;Metal;140;20;RAY-BAN VISTA;Dioptrijste naočale
0RX3694V-M-Srebrna-2501;0rx3694v-m-srebrna-2501;2501;0RX3694V-2501;Default;Eyewear;Srebrna;srebrna;M;0RX3694V;2501;RAY-BAN VISTA;146;Unisex;Nepravilan;Puni okvir;JIM;51;Srebrna;Metal;51;43;Metal;140;20;RAY-BAN VISTA;Dioptrijste naočale
0RX3694V-L-Srebrna-2501;0rx3694v-l-srebrna-2501;2501;0RX3694V-2501;Default;Eyewear;Srebrna;srebrna;L;0RX3694V;2501;RAY-BAN VISTA;146;Unisex;Nepravilan;Puni okvir;JIM;53;Srebrna;Metal;53;45;Metal;140;20;RAY-BAN VISTA;Dioptrijste naočale
0RX3694V-M-Havana-smeda-na-srebrnoj-3178;0rx3694v-m-havana-smeda-na-srebrnoj-3178;3178;0RX3694V-3178;Default;Eyewear;Havana smeđa na srebrnoj;smeđa;M;0RX3694V;3178;RAY-BAN VISTA;146;Unisex;Nepravilan;Puni okvir;JIM;51;Havana smeđa na srebrnoj;Metal;51;43;Metal;140;20;RAY-BAN VISTA;Dioptrijste naočale
0RX3716VM;0rx3716vm;;0RX3716VM-2904;Default;Eyewear;Crna;;L;0RX3716VM;2904;RAY-BAN VISTA;165;Unisex;Kvadratni;Poluotvoreni okvir;CLUBMASTER METAL;50;Crna;Metal;50;43;Metal;145;22;RAY-BAN VISTA;Dioptrijste naočale
0RX3716VM-L-Crna-2904;0rx3716vm-l-crna-2904;2904;0RX3716VM-2904;Default;Eyewear;Crna;crna;L;0RX3716VM;2904;RAY-BAN VISTA;165;Unisex;Kvadratni;Poluotvoreni okvir;CLUBMASTER METAL;50;Crna;Metal;50;43;Metal;145;22;RAY-BAN VISTA;Dioptrijste naočale
0RX3717V;0rx3717v;;0RX3717V-2502;Default;Eyewear;Gunmetal;;L;0RX3717V;2502;RAY-BAN VISTA;155;Unisex;Četvrtasti;Puni okvir;;54;Gunmetal;Metal;54;37;Metal;140;18;RAY-BAN VISTA;Dioptrijste naočale
0RX3717V-L-Gunmetal-2502;0rx3717v-l-gunmetal-2502;2502;0RX3717V-2502;Default;Eyewear;Gunmetal;siva;L;0RX3717V;2502;RAY-BAN VISTA;155;Unisex;Četvrtasti;Puni okvir;;54;Gunmetal;Metal;54;37;Metal;140;18;RAY-BAN VISTA;Dioptrijste naočale
0RX3947V;0rx3947v;;0RX3947V-2501,0RX3947V-2509;Default;Eyewear;Srebrna;;XS;0RX3947V;2501;RAY-BAN VISTA;146;Unisex;Okrugli;Poluotvoreni okvir;ROUND GAZE;48;Srebrna;Metal;48;45;Metal;140;22;RAY-BAN VISTA;Dioptrijste naočale
0RX3947V-XS-Srebrna-2501;0rx3947v-xs-srebrna-2501;2501;0RX3947V-2501;Default;Eyewear;Srebrna;srebrna;XS;0RX3947V;2501;RAY-BAN VISTA;146;Unisex;Okrugli;Poluotvoreni okvir;ROUND GAZE;48;Srebrna;Metal;48;45;Metal;140;22;RAY-BAN VISTA;Dioptrijste naočale
0RX3947V-S-Srebrna-2501;0rx3947v-s-srebrna-2501;2501;0RX3947V-2501;Default;Eyewear;Srebrna;srebrna;S;0RX3947V;2501;RAY-BAN VISTA;146;Unisex;Okrugli;Poluotvoreni okvir;ROUND GAZE;51;Srebrna;Metal;51;48;Metal;145;22;RAY-BAN VISTA;Dioptrijste naočale
0RX3947V-S-Crna-2509;0rx3947v-s-crna-2509;2509;0RX3947V-2509;Default;Eyewear;Crna;crna;S;0RX3947V;2509;RAY-BAN VISTA;146;Unisex;Okrugli;Poluotvoreni okvir;ROUND GAZE;51;Crna;Metal;51;48;Metal;145;22;RAY-BAN VISTA;Dioptrijste naočale
0RX5283;0rx5283;;0RX5283-2012;Default;Eyewear;Tamna havana;;M;0RX5283;2012;RAY-BAN VISTA;155;Unisex;Phantos;Puni okvir;;51;Tamna havana;Acetat;51;43;Acetat;145;21;RAY-BAN VISTA;Dioptrijste naočale
0RX5283-M-Tamna-havana-2012;0rx5283-m-tamna-havana-2012;2012;0RX5283-2012;Default;Eyewear;Tamna havana;smeđa;M;0RX5283;2012;RAY-BAN VISTA;155;Unisex;Phantos;Puni okvir;;51;Tamna havana;Acetat;51;43;Acetat;145;21;RAY-BAN VISTA;Dioptrijste naočale
0RX5387;0rx5387;;0RX5387-2000,0RX5387-8361;Default;Eyewear;Crna;;S;0RX5387;2000;RAY-BAN VISTA;123;Unisex;Kvadratni;Puni okvir;;54;Crna;Acetat;54;46;Acetat;150;18;RAY-BAN VISTA;Dioptrijste naočale
0RX5387-S-Crna-2000;0rx5387-s-crna-2000;2000;0RX5387-2000;Default;Eyewear;Crna;crna;S;0RX5387;2000;RAY-BAN VISTA;123;Unisex;Kvadratni;Puni okvir;;54;Crna;Acetat;54;46;Acetat;150;18;RAY-BAN VISTA;Dioptrijste naočale
0RX5387-XS-Crna-2000;0rx5387-xs-crna-2000;2000;0RX5387-2000;Default;Eyewear;Crna;crna;XS;0RX5387;2000;RAY-BAN VISTA;123;Unisex;Kvadratni;Puni okvir;;52;Crna;Acetat;52;44;Acetat;145;18;RAY-BAN VISTA;Dioptrijste naočale
0RX5387-S-Prugasta-plava-8361;0rx5387-s-prugasta-plava-8361;8361;0RX5387-8361;Default;Eyewear;Prugasta plava;plava;S;0RX5387;8361;RAY-BAN VISTA;123;Unisex;Kvadratni;Puni okvir;;54;Prugasta plava;Acetat;54;46;Acetat;150;18;RAY-BAN VISTA;Dioptrijste naočale
0RX5393;0rx5393;;0RX5393-2000,0RX5393-2012,0RX5393-8360;Default;Eyewear;Crna;;XS;0RX5393;2000;RAY-BAN VISTA;146;Unisex;Kvadratni;Puni okvir;LEONARD;51;Crna;Acetat;51;41;Acetat;145;17;RAY-BAN VISTA;Dioptrijste naočale
0RX5393-XS-Crna-2000;0rx5393-xs-crna-2000;2000;0RX5393-2000;Default;Eyewear;Crna;crna;XS;0RX5393;2000;RAY-BAN VISTA;146;Unisex;Kvadratni;Puni okvir;LEONARD;51;Crna;Acetat;51;41;Acetat;145;17;RAY-BAN VISTA;Dioptrijste naočale
0RX5393-XS-Havana-2012;0rx5393-xs-havana-2012;2012;0RX5393-2012;Default;Eyewear;Havana;smeđa;XS;0RX5393;2012;RAY-BAN VISTA;146;Unisex;Kvadratni;Puni okvir;LEONARD;51;Havana;Acetat;51;41;Acetat;145;17;RAY-BAN VISTA;Dioptrijste naočale
0RX5393-XXS-Prugasta-siva-8360;0rx5393-xxs-prugasta-siva-8360;8360;0RX5393-8360;Default;Eyewear;Prugasta siva;siva;XXS;0RX5393;8360;RAY-BAN VISTA;146;Unisex;Kvadratni;Puni okvir;LEONARD;49;Prugasta siva;Acetat;49;40;Acetat;145;17;RAY-BAN VISTA;Dioptrijste naočale
0RX5397;0rx5397;;0RX5397-2000,0RX5397-2012,0RX5397-8117;Default;Eyewear;Crna;;XS;0RX5397;2000;RAY-BAN VISTA;146;Unisex;Nepravilan;Puni okvir;ELLIOT;50;Crna;Acetat;50;42;Acetat;145;19;RAY-BAN VISTA;Dioptrijste naočale
0RX5397-XS-Crna-2000;0rx5397-xs-crna-2000;2000;0RX5397-2000;Default;Eyewear;Crna;crna;XS;0RX5397;2000;RAY-BAN VISTA;146;Unisex;Nepravilan;Puni okvir;ELLIOT;50;Crna;Acetat;50;42;Acetat;145;19;RAY-BAN VISTA;Dioptrijste naočale
0RX5397-S-Crna-2000;0rx5397-s-crna-2000;2000;0RX5397-2000;Default;Eyewear;Crna;crna;S;0RX5397;2000;RAY-BAN VISTA;146;Unisex;Nepravilan;Puni okvir;ELLIOT;52;Crna;Acetat;52;43;Acetat;145;19;RAY-BAN VISTA;Dioptrijste naočale
0RX5397-XS-Havana-2012;0rx5397-xs-havana-2012;2012;0RX5397-2012;Default;Eyewear;Havana;smeđa;XS;0RX5397;2012;RAY-BAN VISTA;146;Unisex;Nepravilan;Puni okvir;ELLIOT;50;Havana;Acetat;50;42;Acetat;145;19;RAY-BAN VISTA;Dioptrijste naočale
0RX5397-XS-Havana-siva-8117;0rx5397-xs-havana-siva-8117;8117;0RX5397-8117;Default;Eyewear;Havana siva;siva;XS;0RX5397;8117;RAY-BAN VISTA;146;Unisex;Nepravilan;Puni okvir;ELLIOT;50;Havana siva;Acetat;50;42;Acetat;145;19;RAY-BAN VISTA;Dioptrijste naočale
0RX5406;0rx5406;;0RX5406-2000,0RX5406-2126,0RX5406-2034;Default;Eyewear;Crna;;M;0RX5406;2000;RAY-BAN VISTA;132;Unisex;Kvadratni;Puni okvir;;52;Crna;Acetat;52;40;Acetat;145;18;RAY-BAN VISTA;Dioptrijste naočale
0RX5406-M-Crna-2000;0rx5406-m-crna-2000;2000;0RX5406-2000;Default;Eyewear;Crna;crna;M;0RX5406;2000;RAY-BAN VISTA;132;Unisex;Kvadratni;Puni okvir;;52;Crna;Acetat;52;40;Acetat;145;18;RAY-BAN VISTA;Dioptrijste naočale
0RX5406-L-Havana-2126;0rx5406-l-havana-2126;2126;0RX5406-2126;Default;Eyewear;Havana;smeđa;L;0RX5406;2126;RAY-BAN VISTA;132;Unisex;Kvadratni;Puni okvir;;54;Havana;Acetat;54;41;Acetat;145;18;RAY-BAN VISTA;Dioptrijste naočale
0RX5406-L-Crna-na-Prozirna-2034;0rx5406-l-crna-na-prozirna-2034;2034;0RX5406-2034;Default;Eyewear;Crna na Prozirna;crna;L;0RX5406;2034;RAY-BAN VISTA;132;Unisex;Kvadratni;Puni okvir;;54;Crna na Prozirna;Acetat;54;41;Acetat;145;18;RAY-BAN VISTA;Dioptrijste naočale
0RX5411D;0rx5411d;;0RX5411D-2012,0RX5411D-8218;Default;Eyewear;Havana;;M;0RX5411D;2012;RAY-BAN VISTA;146;Unisex;Nepravilan;Puni okvir;;54;Havana;Acetat;54;47;Acetat;145;20;RAY-BAN VISTA;Dioptrijste naočale
0RX5411D-M-Havana-2012;0rx5411d-m-havana-2012;2012;0RX5411D-2012;Default;Eyewear;Havana;smeđa;M;0RX5411D;2012;RAY-BAN VISTA;146;Unisex;Nepravilan;Puni okvir;;54;Havana;Acetat;54;47;Acetat;145;20;RAY-BAN VISTA;Dioptrijste naočale
0RX5411D-M-Transparentna-zelena-8218;0rx5411d-m-transparentna-zelena-8218;8218;0RX5411D-8218;Default;Eyewear;Transparentna zelena;crna;M;0RX5411D;8218;RAY-BAN VISTA;146;Unisex;Nepravilan;Puni okvir;;54;Transparentna zelena;Acetat;54;47;Acetat;145;20;RAY-BAN VISTA;Dioptrijste naočale
0RX5422;0rx5422;;0RX5422-2034,0RX5422-8309,0RX5422-8310;Default;Eyewear;Crna na Prozirna;;M;0RX5422;2034;RAY-BAN VISTA;146;Žene;Mačkasti;Puni okvir;;54;Crna na Prozirna;Acetat;54;42;Acetat;145;16;RAY-BAN VISTA;Dioptrijste naočale
0RX5422-M-Crna-na-Prozirna-2034;0rx5422-m-crna-na-prozirna-2034;2034;0RX5422-2034;Default;Eyewear;Crna na Prozirna;crna;M;0RX5422;2034;RAY-BAN VISTA;146;Žene;Mačkasti;Puni okvir;;54;Crna na Prozirna;Acetat;54;42;Acetat;145;16;RAY-BAN VISTA;Dioptrijste naočale
0RX5422-S-Plava-i-svijetloplava-8309;0rx5422-s-plava-i-svijetloplava-8309;8309;0RX5422-8309;Default;Eyewear;Plava i svijetloplava;plava;S;0RX5422;8309;RAY-BAN VISTA;146;Žene;Mačkasti;Puni okvir;;52;Plava i svijetloplava;Acetat;52;41;Acetat;140;16;RAY-BAN VISTA;Dioptrijste naočale
0RX5422-M-Tamnosiva-8310;0rx5422-m-tamnosiva-8310;8310;0RX5422-8310;Default;Eyewear;Tamnosiva;siva;M;0RX5422;8310;RAY-BAN VISTA;146;Žene;Mačkasti;Puni okvir;;54;Tamnosiva;Acetat;54;42;Acetat;145;16;RAY-BAN VISTA;Dioptrijste naočale
0RX5425D;0rx5425d;;0RX5425D-2000,0RX5425D-2012;Default;Eyewear;Crna;;M;0RX5425D;2000;RAY-BAN VISTA;146;Unisex;Kvadratni;Puni okvir;;54;Crna;Acetat;54;46;Acetat;145;19;RAY-BAN VISTA;Dioptrijste naočale
0RX5425D-M-Crna-2000;0rx5425d-m-crna-2000;2000;0RX5425D-2000;Default;Eyewear;Crna;crna;M;0RX5425D;2000;RAY-BAN VISTA;146;Unisex;Kvadratni;Puni okvir;;54;Crna;Acetat;54;46;Acetat;145;19;RAY-BAN VISTA;Dioptrijste naočale
0RX5425D-M-Havana-2012;0rx5425d-m-havana-2012;2012;0RX5425D-2012;Default;Eyewear;Havana;smeđa;M;0RX5425D;2012;RAY-BAN VISTA;146;Unisex;Kvadratni;Puni okvir;;54;Havana;Acetat;54;46;Acetat;145;19;RAY-BAN VISTA;Dioptrijste naočale
0RX5429;0rx5429;;0RX5429-2000,0RX5429-2012;Default;Eyewear;Crna;;M;0RX5429;2000;RAY-BAN VISTA;146;Unisex;Ovalni;Puni okvir;GERMAN;53;Crna;Acetat;53;42;Acetat;145;20;RAY-BAN VISTA;Dioptrijste naočale
0RX5429-M-Crna-2000;0rx5429-m-crna-2000;2000;0RX5429-2000;Default;Eyewear;Crna;crna;M;0RX5429;2000;RAY-BAN VISTA;146;Unisex;Ovalni;Puni okvir;GERMAN;53;Crna;Acetat;53;42;Acetat;145;20;RAY-BAN VISTA;Dioptrijste naočale
0RX5429-S-Havana-2012;0rx5429-s-havana-2012;2012;0RX5429-2012;Default;Eyewear;Havana;smeđa;S;0RX5429;2012;RAY-BAN VISTA;146;Unisex;Ovalni;Puni okvir;GERMAN;51;Havana;Acetat;51;40;Acetat;145;20;RAY-BAN VISTA;Dioptrijste naočale
0RX5430;0rx5430;;0RX5430-2000;Default;Eyewear;Crna;;M;0RX5430;2000;RAY-BAN VISTA;146;Unisex;Phantos;Puni okvir;BERNARD;51;Crna;Acetat;51;47;Acetat;145;21;RAY-BAN VISTA;Dioptrijste naočale
0RX5430-M-Crna-2000;0rx5430-m-crna-2000;2000;0RX5430-2000;Default;Eyewear;Crna;crna;M;0RX5430;2000;RAY-BAN VISTA;146;Unisex;Phantos;Puni okvir;BERNARD;51;Crna;Acetat;51;47;Acetat;145;21;RAY-BAN VISTA;Dioptrijste naočale
0RX6275;0rx6275;;0RX6275-2502,0RX6275-2503;Default;Eyewear;Gunmetal;;M;0RX6275;2502;RAY-BAN VISTA;155;Unisex;Četvrtasti;Puni okvir;;54;Gunmetal;Metal;54;34;Metal;145;17;RAY-BAN VISTA;Dioptrijste naočale
0RX6275-M-Gunmetal-2502;0rx6275-m-gunmetal-2502;2502;0RX6275-2502;Default;Eyewear;Gunmetal;siva;M;0RX6275;2502;RAY-BAN VISTA;155;Unisex;Četvrtasti;Puni okvir;;54;Gunmetal;Metal;54;34;Metal;145;17;RAY-BAN VISTA;Dioptrijste naočale
0RX6275-M-Crna-2503;0rx6275-m-crna-2503;2503;0RX6275-2503;Default;Eyewear;Crna;crna;M;0RX6275;2503;RAY-BAN VISTA;155;Unisex;Četvrtasti;Puni okvir;;54;Crna;Metal;54;34;Metal;145;17;RAY-BAN VISTA;Dioptrijste naočale
0RX6285;0rx6285;;0RX6285-2502,0RX6285-2503;Default;Eyewear;Gunmetal;;M;0RX6285;2502;RAY-BAN VISTA;160;Unisex;Četvrtasti;Poluotvoreni okvir;;53;Gunmetal;Metal;53;33;Aluminij;140;18;RAY-BAN VISTA;Dioptrijste naočale
0RX6285-M-Gunmetal-2502;0rx6285-m-gunmetal-2502;2502;0RX6285-2502;Default;Eyewear;Gunmetal;siva;M;0RX6285;2502;RAY-BAN VISTA;160;Unisex;Četvrtasti;Poluotvoreni okvir;;53;Gunmetal;Metal;53;33;Aluminij;140;18;RAY-BAN VISTA;Dioptrijste naočale
0RX6285-M-Crna-2503;0rx6285-m-crna-2503;2503;0RX6285-2503;Default;Eyewear;Crna;crna;M;0RX6285;2503;RAY-BAN VISTA;160;Unisex;Četvrtasti;Poluotvoreni okvir;;53;Crna;Metal;53;33;Aluminij;140;18;RAY-BAN VISTA;Dioptrijste naočale
0RX6335;0rx6335;;0RX6335-2503,0RX6335-2855;Default;Eyewear;Crna;;L;0RX6335;2503;RAY-BAN VISTA;150;Unisex;Četvrtasti;Poluotvoreni okvir;;58;Crna;Metal;58;39;Injektirani;150;17;RAY-BAN VISTA;Dioptrijste naočale
0RX6335-L-Crna-2503;0rx6335-l-crna-2503;2503;0RX6335-2503;Default;Eyewear;Crna;crna;L;0RX6335;2503;RAY-BAN VISTA;150;Unisex;Četvrtasti;Poluotvoreni okvir;;58;Crna;Metal;58;39;Injektirani;150;17;RAY-BAN VISTA;Dioptrijste naočale
0RX6335-L-Gunmetal-2855;0rx6335-l-gunmetal-2855;2855;0RX6335-2855;Default;Eyewear;Gunmetal;siva;L;0RX6335;2855;RAY-BAN VISTA;150;Unisex;Četvrtasti;Poluotvoreni okvir;;56;Gunmetal;Metal;56;37;Injektirani;145;17;RAY-BAN VISTA;Dioptrijste naočale
0RX6355;0rx6355;;0RX6355-2620,0RX6355-3098;Default;Eyewear;Gunmetal;;M;0RX6355;2620;RAY-BAN VISTA;165;Unisex;Phantos;Puni okvir;;52;Gunmetal;Metal;52;45;Metal;145;20;RAY-BAN VISTA;Dioptrijste naočale
0RX6355-M-Gunmetal-2620;0rx6355-m-gunmetal-2620;2620;0RX6355-2620;Default;Eyewear;Gunmetal;siva;M;0RX6355;2620;RAY-BAN VISTA;165;Unisex;Phantos;Puni okvir;;52;Gunmetal;Metal;52;45;Metal;145;20;RAY-BAN VISTA;Dioptrijste naočale
0RX6355-S-Crna-3098;0rx6355-s-crna-3098;3098;0RX6355-3098;Default;Eyewear;Crna;crna;S;0RX6355;3098;RAY-BAN VISTA;165;Unisex;Phantos;Puni okvir;;50;Crna;Metal;50;44;Metal;145;20;RAY-BAN VISTA;Dioptrijste naočale
0RX6363;0rx6363;;0RX6363-2553,0RX6363-2861;Default;Eyewear;Gunmetal;;L;0RX6363;2553;RAY-BAN VISTA;146;Unisex;Kvadratni;Puni okvir;;54;Gunmetal;Metal;54;40;Injektirani;145;18;RAY-BAN VISTA;Dioptrijste naočale
0RX6363-L-Gunmetal-2553;0rx6363-l-gunmetal-2553;2553;0RX6363-2553;Default;Eyewear;Gunmetal;siva;L;0RX6363;2553;RAY-BAN VISTA;146;Unisex;Kvadratni;Puni okvir;;54;Gunmetal;Metal;54;40;Injektirani;145;18;RAY-BAN VISTA;Dioptrijste naočale
0RX6363-L-Crna-na-Srebrna-2861;0rx6363-l-crna-na-srebrna-2861;2861;0RX6363-2861;Default;Eyewear;Crna na Srebrna;crna;L;0RX6363;2861;RAY-BAN VISTA;146;Unisex;Kvadratni;Puni okvir;;54;Crna na Srebrna;Metal;54;40;Injektirani;145;18;RAY-BAN VISTA;Dioptrijste naočale
0RX6421;0rx6421;;0RX6421-2997;Default;Eyewear;Crna na Srebrna;;L;0RX6421;2997;RAY-BAN VISTA;146;Unisex;Kvadratni;Poluotvoreni okvir;;54;Crna na Srebrna;Metal;54;41;Metal;145;18;RAY-BAN VISTA;Dioptrijste naočale
0RX6421-L-Crna-na-Srebrna-2997;0rx6421-l-crna-na-srebrna-2997;2997;0RX6421-2997;Default;Eyewear;Crna na Srebrna;crna;L;0RX6421;2997;RAY-BAN VISTA;146;Unisex;Kvadratni;Poluotvoreni okvir;;54;Crna na Srebrna;Metal;54;41;Metal;145;18;RAY-BAN VISTA;Dioptrijste naočale
0RX6421-XL-Crna-na-Srebrna-2997;0rx6421-xl-crna-na-srebrna-2997;2997;0RX6421-2997;Default;Eyewear;Crna na Srebrna;crna;XL;0RX6421;2997;RAY-BAN VISTA;146;Unisex;Kvadratni;Poluotvoreni okvir;;56;Crna na Srebrna;Metal;56;43;Metal;150;18;RAY-BAN VISTA;Dioptrijste naočale
0RX6448;0rx6448;;0RX6448-2500,0RX6448-2501,0RX6448-3175,0RX6448-3176;Default;Eyewear;Arista zlatna;;L;0RX6448;2500;RAY-BAN VISTA;146;Unisex;Nepravilan;Puni okvir;HEXAGONAL;54;Arista zlatna;Metal;54;47;Metal;145;21;RAY-BAN VISTA;Dioptrijste naočale
0RX6448-L-Arista-zlatna-2500;0rx6448-l-arista-zlatna-2500;2500;0RX6448-2500;Default;Eyewear;Arista zlatna;zlatna;L;0RX6448;2500;RAY-BAN VISTA;146;Unisex;Nepravilan;Puni okvir;HEXAGONAL;54;Arista zlatna;Metal;54;47;Metal;145;21;RAY-BAN VISTA;Dioptrijste naočale
0RX6448-XS-Srebrna-2501;0rx6448-xs-srebrna-2501;2501;0RX6448-2501;Default;Eyewear;Srebrna;srebrna;XS;0RX6448;2501;RAY-BAN VISTA;146;Unisex;Nepravilan;Puni okvir;HEXAGONAL;48;Srebrna;Metal;48;42;Metal;145;21;RAY-BAN VISTA;Dioptrijste naočale
0RX6448-M-Srebrna-2501;0rx6448-m-srebrna-2501;2501;0RX6448-2501;Default;Eyewear;Srebrna;srebrna;M;0RX6448;2501;RAY-BAN VISTA;146;Unisex;Nepravilan;Puni okvir;HEXAGONAL;51;Srebrna;Metal;51;45;Metal;145;21;RAY-BAN VISTA;Dioptrijste naočale
0RX6448-L-Crna-na-Zlatna-3175;0rx6448-l-crna-na-zlatna-3175;3175;0RX6448-3175;Default;Eyewear;Crna na Zlatna;crna;L;0RX6448;3175;RAY-BAN VISTA;146;Unisex;Nepravilan;Puni okvir;HEXAGONAL;54;Crna na Zlatna;Metal;54;47;Metal;145;21;RAY-BAN VISTA;Dioptrijste naočale
0RX6448-M-Havana-smeda-na-ruzicasto-zlatnoj-3176;0rx6448-m-havana-smeda-na-ruzicasto-zlatnoj-3176;3176;0RX6448-3176;Default;Eyewear;Havana smeđa na ružičasto zlatnoj;smeđa;M;0RX6448;3176;RAY-BAN VISTA;146;Unisex;Nepravilan;Puni okvir;HEXAGONAL;51;Havana smeđa na ružičasto zlatnoj;Metal;51;45;Metal;145;21;RAY-BAN VISTA;Dioptrijste naočale
0RX6465;0rx6465;;0RX6465-2943;Default;Eyewear;Bakar;;S;0RX6465;2943;RAY-BAN VISTA;146;Unisex;Nepravilan;Puni okvir;JACK;49;Bakar;Metal;49;44;Metal;140;20;RAY-BAN VISTA;Dioptrijste naočale
0RX6465-S-Bakar-2943;0rx6465-s-bakar-2943;2943;0RX6465-2943;Default;Eyewear;Bakar;smeđa;S;0RX6465;2943;RAY-BAN VISTA;146;Unisex;Nepravilan;Puni okvir;JACK;49;Bakar;Metal;49;44;Metal;140;20;RAY-BAN VISTA;Dioptrijste naočale
0RX6487;0rx6487;;0RX6487-2502;Default;Eyewear;Gunmetal;;M;0RX6487;2502;RAY-BAN VISTA;132;Unisex;Kvadratni;Poluotvoreni okvir;;52;Gunmetal;Metal;52;44;Metal;145;20;RAY-BAN VISTA;Dioptrijste naočale
0RX6487-M-Gunmetal-2502;0rx6487-m-gunmetal-2502;2502;0RX6487-2502;Default;Eyewear;Gunmetal;siva;M;0RX6487;2502;RAY-BAN VISTA;132;Unisex;Kvadratni;Poluotvoreni okvir;;52;Gunmetal;Metal;52;44;Metal;145;20;RAY-BAN VISTA;Dioptrijste naočale
0RX6494;0rx6494;;0RX6494-2861,0RX6494-2904,0RX6494-3155;Default;Eyewear;Crna na Srebrna;;L;0RX6494;2861;RAY-BAN VISTA;165;Muškarci;Zaobljeni četvrtasti;Puni okvir;;54;Crna na Srebrna;Metal;54;41;Metal;145;18;RAY-BAN VISTA;Dioptrijste naočale
0RX6494-L-Crna-na-Srebrna-2861;0rx6494-l-crna-na-srebrna-2861;2861;0RX6494-2861;Default;Eyewear;Crna na Srebrna;crna;L;0RX6494;2861;RAY-BAN VISTA;165;Muškarci;Zaobljeni četvrtasti;Puni okvir;;54;Crna na Srebrna;Metal;54;41;Metal;145;18;RAY-BAN VISTA;Dioptrijste naočale
0RX6494-XL-Crna-2904;0rx6494-xl-crna-2904;2904;0RX6494-2904;Default;Eyewear;Crna;crna;XL;0RX6494;2904;RAY-BAN VISTA;165;Muškarci;Zaobljeni četvrtasti;Puni okvir;;56;Crna;Metal;56;42;Metal;145;18;RAY-BAN VISTA;Dioptrijste naočale
0RX6494-L-Plava-na-srebrnoj-3155;0rx6494-l-plava-na-srebrnoj-3155;3155;0RX6494-3155;Default;Eyewear;Plava na srebrnoj;plava;L;0RX6494;3155;RAY-BAN VISTA;165;Muškarci;Zaobljeni četvrtasti;Puni okvir;;54;Plava na srebrnoj;Metal;54;41;Metal;145;18;RAY-BAN VISTA;Dioptrijste naočale
0RX6496;0rx6496;;0RX6496-2500,0RX6496-2502;Default;Eyewear;Arista zlatna;;M;0RX6496;2500;RAY-BAN VISTA;146;Unisex;Nepravilan;Puni okvir;;51;Arista zlatna;Metal;51;42;Metal;145;20;RAY-BAN VISTA;Dioptrijste naočale
0RX6496-M-Arista-zlatna-2500;0rx6496-m-arista-zlatna-2500;2500;0RX6496-2500;Default;Eyewear;Arista zlatna;zlatna;M;0RX6496;2500;RAY-BAN VISTA;146;Unisex;Nepravilan;Puni okvir;;51;Arista zlatna;Metal;51;42;Metal;145;20;RAY-BAN VISTA;Dioptrijste naočale
0RX6496-L-Gunmetal-2502;0rx6496-l-gunmetal-2502;2502;0RX6496-2502;Default;Eyewear;Gunmetal;siva;L;0RX6496;2502;RAY-BAN VISTA;146;Unisex;Nepravilan;Puni okvir;;53;Gunmetal;Metal;53;43;Metal;145;20;RAY-BAN VISTA;Dioptrijste naočale
0RX6503D;0rx6503d;;0RX6503D-2501,0RX6503D-2943;Default;Eyewear;Srebrna;;L;0RX6503D;2501;RAY-BAN VISTA;132;Unisex;Nepravilan;Puni okvir;;55;Srebrna;Metal;55;50;Metal;145;18;RAY-BAN VISTA;Dioptrijste naočale
0RX6503D-L-Srebrna-2501;0rx6503d-l-srebrna-2501;2501;0RX6503D-2501;Default;Eyewear;Srebrna;srebrna;L;0RX6503D;2501;RAY-BAN VISTA;132;Unisex;Nepravilan;Puni okvir;;55;Srebrna;Metal;55;50;Metal;145;18;RAY-BAN VISTA;Dioptrijste naočale
0RX6503D-L-Bakar-2943;0rx6503d-l-bakar-2943;2943;0RX6503D-2943;Default;Eyewear;Bakar;smeđa;L;0RX6503D;2943;RAY-BAN VISTA;132;Unisex;Nepravilan;Puni okvir;;55;Bakar;Metal;55;50;Metal;145;18;RAY-BAN VISTA;Dioptrijste naočale
0RX6509;0rx6509;;0RX6509-2502;Default;Eyewear;Gunmetal;;M;0RX6509;2502;RAY-BAN VISTA;146;Unisex;Phantos;Puni okvir;;51;Gunmetal;Metal;51;45;Metal;145;20;RAY-BAN VISTA;Dioptrijste naočale
0RX6509-M-Gunmetal-2502;0rx6509-m-gunmetal-2502;2502;0RX6509-2502;Default;Eyewear;Gunmetal;siva;M;0RX6509;2502;RAY-BAN VISTA;146;Unisex;Phantos;Puni okvir;;51;Gunmetal;Metal;51;45;Metal;145;20;RAY-BAN VISTA;Dioptrijste naočale
0RX6509-L-Gunmetal-2502;0rx6509-l-gunmetal-2502;2502;0RX6509-2502;Default;Eyewear;Gunmetal;siva;L;0RX6509;2502;RAY-BAN VISTA;146;Unisex;Phantos;Puni okvir;;53;Gunmetal;Metal;53;47;Metal;145;20;RAY-BAN VISTA;Dioptrijste naočale
0RX6512;0rx6512;;0RX6512-2593;Default;Eyewear;Tamnosmeđa;;S;0RX6512;2593;RAY-BAN VISTA;155;Unisex;Kvadratni;Puni okvir;;52;Tamnosmeđa;Metal;52;45;Acetat;140;19;RAY-BAN VISTA;Dioptrijste naočale
0RX6512-S-Tamnosmeda-2593;0rx6512-s-tamnosmeda-2593;2593;0RX6512-2593;Default;Eyewear;Tamnosmeđa;smeđa;S;0RX6512;2593;RAY-BAN VISTA;155;Unisex;Kvadratni;Puni okvir;;52;Tamnosmeđa;Metal;52;45;Acetat;140;19;RAY-BAN VISTA;Dioptrijste naočale
0RX6513;0rx6513;;0RX6513-3161;Default;Eyewear;Crna;;L;0RX6513;3161;RAY-BAN VISTA;174;Unisex;Nepravilan;Poluotvoreni okvir;;53;Crna;Metal;53;38;Metal;145;20;RAY-BAN VISTA;Dioptrijste naočale
0RX6513-L-Crna-3161;0rx6513-l-crna-3161;3161;0RX6513-3161;Default;Eyewear;Crna;crna;L;0RX6513;3161;RAY-BAN VISTA;174;Unisex;Nepravilan;Poluotvoreni okvir;;53;Crna;Metal;53;38;Metal;145;20;RAY-BAN VISTA;Dioptrijste naočale
0RX6513-XL-Crna-3161;0rx6513-xl-crna-3161;3161;0RX6513-3161;Default;Eyewear;Crna;crna;XL;0RX6513;3161;RAY-BAN VISTA;174;Unisex;Nepravilan;Poluotvoreni okvir;;55;Crna;Metal;55;39;Metal;145;20;RAY-BAN VISTA;Dioptrijste naočale
0RX6518;0rx6518;;0RX6518-3163;Default;Eyewear;Crna na Srebrna;;XXL;0RX6518;3163;RAY-BAN VISTA;174;Unisex;Kvadratni;Puni okvir;;57;Crna na Srebrna;Metal;57;42;Metal;150;19;RAY-BAN VISTA;Dioptrijste naočale
0RX6518-XXL-Crna-na-Srebrna-3163;0rx6518-xxl-crna-na-srebrna-3163;3163;0RX6518-3163;Default;Eyewear;Crna na Srebrna;crna;XXL;0RX6518;3163;RAY-BAN VISTA;174;Unisex;Kvadratni;Puni okvir;;57;Crna na Srebrna;Metal;57;42;Metal;150;19;RAY-BAN VISTA;Dioptrijste naočale
0RX6528;0rx6528;;0RX6528-2501,0RX6528-2943;Default;Eyewear;Srebrna;;L;0RX6528;2501;RAY-BAN VISTA;125;Unisex;Nepravilan;Puni okvir;YEVI;56;Srebrna;Metal;56;35;Metal;145;18;RAY-BAN VISTA;Dioptrijste naočale
0RX6528-L-Srebrna-2501;0rx6528-l-srebrna-2501;2501;0RX6528-2501;Default;Eyewear;Srebrna;srebrna;L;0RX6528;2501;RAY-BAN VISTA;125;Unisex;Nepravilan;Puni okvir;YEVI;56;Srebrna;Metal;56;35;Metal;145;18;RAY-BAN VISTA;Dioptrijste naočale
0RX6528-M-Bakar-2943;0rx6528-m-bakar-2943;2943;0RX6528-2943;Default;Eyewear;Bakar;smeđa;M;0RX6528;2943;RAY-BAN VISTA;125;Unisex;Nepravilan;Puni okvir;YEVI;54;Bakar;Metal;54;34;Metal;145;18;RAY-BAN VISTA;Dioptrijste naočale
0RX7017;0rx7017;;0RX7017-5196;Default;Eyewear;Crna;;XL;0RX7017;5196;RAY-BAN VISTA;155;Unisex;Četvrtasti;Puni okvir;;54;Crna;Injektirani;54;33;Metal;145;17;RAY-BAN VISTA;Dioptrijste naočale
0RX7017-XL-Crna-5196;0rx7017-xl-crna-5196;5196;0RX7017-5196;Default;Eyewear;Crna;crna;XL;0RX7017;5196;RAY-BAN VISTA;155;Unisex;Četvrtasti;Puni okvir;;54;Crna;Injektirani;54;33;Metal;145;17;RAY-BAN VISTA;Dioptrijste naočale
0RX7046;0rx7046;;0RX7046-5364,0RX7046-5365;Default;Eyewear;Guma crna;;S;0RX7046;5364;RAY-BAN VISTA;123;Žene;Okrugli;Puni okvir;ERIKA;51;Guma crna;Injektirani;51;44;Injektirani;140;18;RAY-BAN VISTA;Dioptrijste naočale
0RX7046-S-Guma-crna-5364;0rx7046-s-guma-crna-5364;5364;0RX7046-5364;Default;Eyewear;Guma crna;crna;S;0RX7046;5364;RAY-BAN VISTA;123;Žene;Okrugli;Puni okvir;ERIKA;51;Guma crna;Injektirani;51;44;Injektirani;140;18;RAY-BAN VISTA;Dioptrijste naočale
0RX7046-S-Havana-5365;0rx7046-s-havana-5365;5365;0RX7046-5365;Default;Eyewear;Havana;smeđa;S;0RX7046;5365;RAY-BAN VISTA;123;Žene;Okrugli;Puni okvir;ERIKA;51;Havana;Injektirani;51;44;Injektirani;140;18;RAY-BAN VISTA;Dioptrijste naočale
0RX7047;0rx7047;;0RX7047-5450;Default;Eyewear;Transparentna plava;;M;0RX7047;5450;RAY-BAN VISTA;123;Unisex;Kvadratni;Puni okvir;;54;Transparentna plava;Injektirani;54;37;Injektirani;140;17;RAY-BAN VISTA;Dioptrijste naočale
0RX7047-M-Transparentna-plava-5450;0rx7047-m-transparentna-plava-5450;5450;0RX7047-5450;Default;Eyewear;Transparentna plava;plava;M;0RX7047;5450;RAY-BAN VISTA;123;Unisex;Kvadratni;Puni okvir;;54;Transparentna plava;Injektirani;54;37;Injektirani;140;17;RAY-BAN VISTA;Dioptrijste naočale
0RX7140;0rx7140;;0RX7140-2000,0RX7140-2001,0RX7140-2012;Default;Eyewear;Crna;;S;0RX7140;2000;RAY-BAN VISTA;165;Žene;Phantos;Puni okvir;;49;Crna;Injektirani;49;44;Metal;150;20;RAY-BAN VISTA;Dioptrijste naočale
0RX7140-S-Crna-2000;0rx7140-s-crna-2000;2000;0RX7140-2000;Default;Eyewear;Crna;crna;S;0RX7140;2000;RAY-BAN VISTA;165;Žene;Phantos;Puni okvir;;49;Crna;Injektirani;49;44;Metal;150;20;RAY-BAN VISTA;Dioptrijste naočale
0RX7140-L-Crna-2000;0rx7140-l-crna-2000;2000;0RX7140-2000;Default;Eyewear;Crna;crna;L;0RX7140;2000;RAY-BAN VISTA;165;Žene;Phantos;Puni okvir;;51;Crna;Injektirani;51;46;Metal;150;20;RAY-BAN VISTA;Dioptrijste naočale
0RX7140-S-Transparentna-2001;0rx7140-s-transparentna-2001;2001;0RX7140-2001;Default;Eyewear;Transparentna;prozirna;S;0RX7140;2001;RAY-BAN VISTA;165;Žene;Phantos;Puni okvir;;49;Transparentna;Injektirani;49;44;Metal;150;20;RAY-BAN VISTA;Dioptrijste naočale
0RX7140-L-Transparentna-2001;0rx7140-l-transparentna-2001;2001;0RX7140-2001;Default;Eyewear;Transparentna;prozirna;L;0RX7140;2001;RAY-BAN VISTA;165;Žene;Phantos;Puni okvir;;51;Transparentna;Injektirani;51;46;Metal;150;20;RAY-BAN VISTA;Dioptrijste naočale
0RX7140-L-Havana-2012;0rx7140-l-havana-2012;2012;0RX7140-2012;Default;Eyewear;Havana;smeđa;L;0RX7140;2012;RAY-BAN VISTA;165;Žene;Phantos;Puni okvir;;51;Havana;Injektirani;51;46;Metal;150;20;RAY-BAN VISTA;Dioptrijste naočale
0RX7199;0rx7199;;0RX7199-5204,0RX7199-8062;Default;Eyewear;Crna;;L;0RX7199;5204;RAY-BAN VISTA;175;Unisex;Kvadratni;Puni okvir;;52;Crna;Peek;52;41;Metal;145;18;RAY-BAN VISTA;Dioptrijste naočale
0RX7199-L-Crna-5204;0rx7199-l-crna-5204;5204;0RX7199-5204;Default;Eyewear;Crna;crna;L;0RX7199;5204;RAY-BAN VISTA;175;Unisex;Kvadratni;Puni okvir;;52;Crna;Peek;52;41;Metal;145;18;RAY-BAN VISTA;Dioptrijste naočale
0RX7199-L-Zelena-8062;0rx7199-l-zelena-8062;8062;0RX7199-8062;Default;Eyewear;Zelena;zelena;L;0RX7199;8062;RAY-BAN VISTA;174;Unisex;Kvadratni;Puni okvir;;52;Zelena;Peek;52;41;Metal;145;18;RAY-BAN VISTA;Dioptrijste naočale
0RX7235;0rx7235;;0RX7235-5204,0RX7235-5207,0RX7235-5521,0RX7235-8062;Default;Eyewear;Pijesak crna;;XL;0RX7235;5204;RAY-BAN VISTA;174;Unisex;Nepravilan;Puni okvir;;53;Pijesak crna;Peek;53;44;Metal;145;19;RAY-BAN VISTA;Dioptrijste naočale
0RX7235-XL-Pijesak-crna-5204;0rx7235-xl-pijesak-crna-5204;5204;0RX7235-5204;Default;Eyewear;Pijesak crna;crna;XL;0RX7235;5204;RAY-BAN VISTA;174;Unisex;Nepravilan;Puni okvir;;53;Pijesak crna;Peek;53;44;Metal;145;19;RAY-BAN VISTA;Dioptrijste naočale
0RX7235-XL-Pijesak-plava-5207;0rx7235-xl-pijesak-plava-5207;5207;0RX7235-5207;Default;Eyewear;Pijesak plava;plava;XL;0RX7235;5207;RAY-BAN VISTA;174;Unisex;Nepravilan;Puni okvir;;53;Pijesak plava;Peek;53;44;Metal;145;19;RAY-BAN VISTA;Dioptrijste naočale
0RX7235-XL-Pijesak-siva-5521;0rx7235-xl-pijesak-siva-5521;5521;0RX7235-5521;Default;Eyewear;Pijesak siva;siva;XL;0RX7235;5521;RAY-BAN VISTA;174;Unisex;Nepravilan;Puni okvir;;53;Pijesak siva;Peek;53;44;Metal;145;19;RAY-BAN VISTA;Dioptrijste naočale
0RX7235-XL-Pijesak-zelena-8062;0rx7235-xl-pijesak-zelena-8062;8062;0RX7235-8062;Default;Eyewear;Pijesak zelena;zelena;XL;0RX7235;8062;RAY-BAN VISTA;174;Unisex;Nepravilan;Puni okvir;;53;Pijesak zelena;Peek;53;44;Metal;145;19;RAY-BAN VISTA;Dioptrijste naočale
