Sku;Slug;ColorCode;Image;AttributeSet;Category;ColorUnTransformed;TransformedColor;Naziv proizvoda;BREND;SPOL;OBLIK OKVIRA;U KOJIM BOJAMA JE DOSTUPAN;U KOJIM VELIČINAMA;MATERIJAL OKVIRA;CIJENA S UKLJUČENIM PDV-om;ŠIRINA LEĆE;VISINA LEĆE;ŠIRINA MOSTA;RUČKICE;ŠIRINA FRONTE;ŠIFRA
GYV447;gyv447;;GYV447-C14,GYV447-C16;SvePotrebno;Eyewear;ROSE GOLD C14,CRNA C16;;Dioptrijski okvir;GENNY;Ženske;Cat Eye;ROSE GOLD C14,CRNA C16;M;Metal;205;57;50;19;140;145;GYV447
GYV447-M-ROSE-GOLD-C14;gyv447-m-c14;C14;GYV447-C14;SvePotrebno;Eyewear;ROSE GOLD;zlatna;Dioptrijski okvir;GENNY;Ženske;Cat Eye;ROSE GOLD C14,CRNA C16;M;Metal;205;57;50;19;140;145;GYV447
GYV447-M-CRNA-C16;gyv447-m-c16;C16;GYV447-C16;SvePotrebno;Eyewear;CRNA;crna;Dioptrijski okvir;GENNY;Ženske;Cat Eye;ROSE GOLD C14,CRNA C16;M;Metal;205;57;50;19;140;145;GYV447
GVG006;gvg006;;GVG006-C12;SvePotrebno;Eyewear;ROSE GOLD C12;;Dioptrijski okvir;GENNY;Ženske;Cat Eye;ROSE GOLD C12;S;Metal;140;54;45;18;132;135;GVG006
GVG006-S-ROSE-GOLD-C12;gvg006-s-c12;C12;GVG006-C12;SvePotrebno;Eyewear;ROSE GOLD;zlatna;Dioptrijski okvir;GENNY;Ženske;Cat Eye;ROSE GOLD C12;S;Metal;140;54;45;18;132;135;GVG006
GYV446;gyv446;;GYV446-C16;SvePotrebno;Eyewear;ZLATNA/CRNA C16;;Dioptrijski okvir;GENNY;Ženske;Nepravilan;ZLATNA/CRNA C16;M;Metal;205;57;50;18;140;143;GYV446
GYV446-M-ZLATNA-CRNA-C16;gyv446-m-c16;C16;GYV446-C16;SvePotrebno;Eyewear;ZLATNA/CRNA;zlatna;Dioptrijski okvir;GENNY;Ženske;Nepravilan;ZLATNA/CRNA C16;M;Metal;205;57;50;18;140;143;GYV446
GYV444;gyv444;;GYV444-C03,GYV444-C16,GYV444-C00;SvePotrebno;Eyewear;TRANSPARENTNA C03,HAVANA C16,CRNA C00;;Dioptrijski okvir;GENNY;Ženske;Cat Eye;TRANSPARENTNA C03,HAVANA C16,CRNA C00;M;Acetat;210;53;48;18;142;143;GYV444
GYV444-M-TRANSPARENTNA-C03;gyv444-m-c03;C03;GYV444-C03;SvePotrebno;Eyewear;TRANSPARENTNA;prozirna;Dioptrijski okvir;GENNY;Ženske;Cat Eye;TRANSPARENTNA C03,HAVANA C16,CRNA C00;M;Acetat;210;53;48;18;142;143;GYV444
GYV444-M-HAVANA-C16;gyv444-m-c16;C16;GYV444-C16;SvePotrebno;Eyewear;HAVANA;smeđa;Dioptrijski okvir;GENNY;Ženske;Cat Eye;TRANSPARENTNA C03,HAVANA C16,CRNA C00;M;Acetat;210;53;48;18;142;143;GYV444
GYV444-M-CRNA-C00;gyv444-m-c00;C00;GYV444-C00;SvePotrebno;Eyewear;CRNA;crna;Dioptrijski okvir;GENNY;Ženske;Cat Eye;TRANSPARENTNA C03,HAVANA C16,CRNA C00;M;Acetat;210;53;48;18;142;143;GYV444
GYV434;gyv434;;GYV434-C02;SvePotrebno;Eyewear;LJUBIČASTA/TIRKIZ C02;;Dioptrijski okvir;GENNY;Ženske;Cat Eye;LJUBIČASTA/TIRKIZ C02;M;Acetat;200;54;48;19;140;143;GYV434
GYV434-M-LJUBICASTA-TIRKIZ-C02;gyv434-m-c02;C02;GYV434-C02;SvePotrebno;Eyewear;LJUBIČASTA/TIRKIZ;ljubičasta;Dioptrijski okvir;GENNY;Ženske;Cat Eye;LJUBIČASTA/TIRKIZ C02;M;Acetat;200;54;48;19;140;143;GYV434
GYV445;gyv445;;GYV445-C05,GYV445-C16,GYV445-C00;SvePotrebno;Eyewear;ZELENA C05,HAVANA C16,CRNA C00;;Dioptrijski okvir;GENNY;Ženske;Cat Eye;ZELENA C05,HAVANA C16,CRNA C00;M;Acetat;230;55;52;18;142;145;GYV445
GYV445-M-ZELENA-C05;gyv445-m-c05;C05;GYV445-C05;SvePotrebno;Eyewear;ZELENA;zelena;Dioptrijski okvir;GENNY;Ženske;Cat Eye;ZELENA C05,HAVANA C16,CRNA C00;M;Acetat;230;55;52;18;142;145;GYV445
GYV445-M-HAVANA-C16;gyv445-m-c16;C16;GYV445-C16;SvePotrebno;Eyewear;HAVANA;smeđa;Dioptrijski okvir;GENNY;Ženske;Cat Eye;ZELENA C05,HAVANA C16,CRNA C00;M;Acetat;230;55;52;18;142;145;GYV445
GYV445-M-CRNA-C00;gyv445-m-c00;C00;GYV445-C00;SvePotrebno;Eyewear;CRNA;crna;Dioptrijski okvir;GENNY;Ženske;Cat Eye;ZELENA C05,HAVANA C16,CRNA C00;M;Acetat;230;55;52;18;142;145;GYV445
GYV440;gyv440;;GYV440-C03;SvePotrebno;Eyewear;ZELENA C03;;Dioptrijski okvir;GENNY;Ženske;Četvrtasti;ZELENA C03;M;Acetat;230;51;51;21;142;144;GYV440
GYV440-M-ZELENA-C03;gyv440-m-c03;C03;GYV440-C03;SvePotrebno;Eyewear;ZELENA;zelena;Dioptrijski okvir;GENNY;Ženske;Četvrtasti;ZELENA C03;M;Acetat;230;51;51;21;142;144;GYV440
GYV433;gyv433;;GYV433-C16,GYV433-C03,GYV433-00,GYV433-C05;SvePotrebno;Eyewear;HAVANA C16,TRANSPARENTNA C03,CRNA 00,TRANSP.ROZA C05;;Dioptrijski okvir;GENNY;Ženske;Četvrtasti;HAVANA C16,TRANSPARENTNA C03,CRNA 00,TRANSP.ROZA C05;M;Acetat;230;53;50;18;142;143;GYV433
GYV433-M-HAVANA-C16;gyv433-m-c16;C16;GYV433-C16;SvePotrebno;Eyewear;HAVANA;smeđa;Dioptrijski okvir;GENNY;Ženske;Četvrtasti;HAVANA C16,TRANSPARENTNA C03,CRNA 00,TRANSP.ROZA C05;M;Acetat;230;53;50;18;142;143;GYV433
GYV433-M-TRANSPARENTNA-C03;gyv433-m-c03;C03;GYV433-C03;SvePotrebno;Eyewear;TRANSPARENTNA;prozirna;Dioptrijski okvir;GENNY;Ženske;Četvrtasti;HAVANA C16,TRANSPARENTNA C03,CRNA 00,TRANSP.ROZA C05;M;Acetat;230;53;50;18;142;143;GYV433
GYV433-M-CRNA-00;gyv433-m-00;00;GYV433-00;SvePotrebno;Eyewear;CRNA;crna;Dioptrijski okvir;GENNY;Ženske;Četvrtasti;HAVANA C16,TRANSPARENTNA C03,CRNA 00,TRANSP.ROZA C05;M;Acetat;230;53;50;18;142;143;GYV433
GYV433-M-TRANSPROZA-C05;gyv433-m-c05;C05;GYV433-C05;SvePotrebno;Eyewear;TRANSP.ROZA;roza;Dioptrijski okvir;GENNY;Ženske;Četvrtasti;HAVANA C16,TRANSPARENTNA C03,CRNA 00,TRANSP.ROZA C05;M;Acetat;230;53;50;18;142;143;GYV433
GYV429;gyv429;;GYV429-C16;SvePotrebno;Eyewear;HAVANA C16;;Dioptrijski okvir;GENNY;Ženske;Nepravilan;HAVANA C16;M;Acetat;200;53;49;20;142;143;GYV429
GYV429-M-HAVANA-C16;gyv429-m-c16;C16;GYV429-C16;SvePotrebno;Eyewear;HAVANA;smeđa;Dioptrijski okvir;GENNY;Ženske;Nepravilan;HAVANA C16;M;Acetat;200;53;49;20;142;143;GYV429
GYV449;gyv449;;GYV449-C16;SvePotrebno;Eyewear;HAVANA C16;;Dioptrijski okvir;GENNY;Ženske;Nepravilan;HAVANA C16;M;Acetat;210;54;49;19;142;144;GYV449
GYV449-M-HAVANA-C16;gyv449-m-c16;C16;GYV449-C16;SvePotrebno;Eyewear;HAVANA;smeđa;Dioptrijski okvir;GENNY;Ženske;Nepravilan;HAVANA C16;M;Acetat;210;54;49;19;142;144;GYV449
GYV443;gyv443;;GYV443-C16;SvePotrebno;Eyewear;HAVANA C16;;Dioptrijski okvir;GENNY;Ženske;Cat Eye;HAVANA C16;M;Acetat;200;52;46;20;142;144;GYV443
GYV443-M-HAVANA-C16;gyv443-m-c16;C16;GYV443-C16;SvePotrebno;Eyewear;HAVANA;smeđa;Dioptrijski okvir;GENNY;Ženske;Cat Eye;HAVANA C16;M;Acetat;200;52;46;20;142;144;GYV443
GYV441;gyv441;;GYV441-C03;SvePotrebno;Eyewear;CRVENA C03;;Dioptrijski okvir;GENNY;Ženske;Cat Eye;CRVENA C03;M;Acetat;200;51;50;22;140;143;GYV441
GYV441-M-CRVENA-C03;gyv441-m-c03;C03;GYV441-C03;SvePotrebno;Eyewear;CRVENA;crvena;Dioptrijski okvir;GENNY;Ženske;Cat Eye;CRVENA C03;M;Acetat;200;51;50;22;140;143;GYV441
GYV442;gyv442;;GYV442-C07;SvePotrebno;Eyewear;ZELENA C07;;Dioptrijski okvir+clip on;GENNY;Ženske;Cat Eye;ZELENA C07;M;Acetat;235;55;52;16;142;144;GYV442
GYV442-M-ZELENA-C07;gyv442-m-c07;C07;GYV442-C07;SvePotrebno;Eyewear;ZELENA;zelena;Dioptrijski okvir+clip on;GENNY;Ženske;Cat Eye;ZELENA C07;M;Acetat;235;55;52;16;142;144;GYV442
GVG007;gvg007;;GVG007-C00;SvePotrebno;Eyewear;CRNA C00;;Dioptrijski okvir+clip on;GENNY;Ženske;Četvrtasti;CRNA C00;S;Acetat;180;51;17;17;136;136;GVG007
GVG007-S-CRNA-C00;gvg007-s-c00;C00;GVG007-C00;SvePotrebno;Eyewear;CRNA;crna;Dioptrijski okvir+clip on;GENNY;Ženske;Četvrtasti;CRNA C00;S;Acetat;180;51;17;17;136;136;GVG007
